{"valueType":"relations","values":[[{"_typeName":"Event","id":"cjlpmdx3r003v0918nydx4ikz","fieldName":"charity"},{"_typeName":"Charity","id":"cjlohfmjt003c090528judo8p","fieldName":"events"}],[{"_typeName":"Event","id":"cjlpmdx3r003t0918p6lw851b","fieldName":"charity"},{"_typeName":"Charity","id":"cjlohfmjv003e09052xstly6f","fieldName":"events"}],[{"_typeName":"Event","id":"cjlpmdx3q003r0918lw2knja2","fieldName":"charity"},{"_typeName":"Charity","id":"cjlohfmjw003g09050r835dcs","fieldName":"events"}],[{"_typeName":"Event","id":"cjmkogjgl002d0975jfkwmh85","fieldName":"charity"},{"_typeName":"Charity","id":"cjmkodj3v002a0975sw2cay50","fieldName":"events"}],[{"_typeName":"User","id":"cjlod2nu2001o0905ytqs67ww","fieldName":"transactions"},{"_typeName":"Transaction","id":"cjlxm6j5y00190960rojxjx2x","fieldName":"user"}],[{"_typeName":"User","id":"cjlod2nu2001o0905ytqs67ww","fieldName":"transactions"},{"_typeName":"Transaction","id":"cjlxm6v5u001m0960hmtlcki9","fieldName":"user"}],[{"_typeName":"User","id":"cjlod2nu2001o0905ytqs67ww","fieldName":"transactions"},{"_typeName":"Transaction","id":"cjlxm75uj001y0960iytkux38","fieldName":"user"}],[{"_typeName":"User","id":"cjlod2nu2001o0905ytqs67ww","fieldName":"transactions"},{"_typeName":"Transaction","id":"cjlxm7asf002a0960p2m6w2tl","fieldName":"user"}],[{"_typeName":"User","id":"cjlod2nu2001o0905ytqs67ww","fieldName":"transactions"},{"_typeName":"Transaction","id":"cjlxm7fk6002m0960fi788b9c","fieldName":"user"}],[{"_typeName":"User","id":"cjlod2nu2001o0905ytqs67ww","fieldName":"transactions"},{"_typeName":"Transaction","id":"cjlxm7jn7002y09607j9kqvda","fieldName":"user"}],[{"_typeName":"User","id":"cjlxnk4a9003y09602nyfrk65","fieldName":"transactions"},{"_typeName":"Transaction","id":"cjlxnm44c004c0960w2nz136i","fieldName":"user"}],[{"_typeName":"User","id":"cjlxnk4a9003y09602nyfrk65","fieldName":"transactions"},{"_typeName":"Transaction","id":"cjlxnn71u004p09602rn6f2me","fieldName":"user"}],[{"_typeName":"User","id":"cjlxp5z87005q0960me2r4mga","fieldName":"transactions"},{"_typeName":"Transaction","id":"cjlxp8425006509604h4a4y4w","fieldName":"user"}],[{"_typeName":"User","id":"cjlxp5z87005q0960me2r4mga","fieldName":"transactions"},{"_typeName":"Transaction","id":"cjlxp9gos006l0960rnu8og1r","fieldName":"user"}],[{"_typeName":"User","id":"cjlxpc7q0006y0960j7rfgml7","fieldName":"transactions"},{"_typeName":"Transaction","id":"cjlxpdjca007c0960iaj1bbya","fieldName":"user"}],[{"_typeName":"User","id":"cjlxpc7q0006y0960j7rfgml7","fieldName":"transactions"},{"_typeName":"Transaction","id":"cjlxpea2k007p0960gq0ui3zr","fieldName":"user"}],[{"_typeName":"User","id":"cjlxpc7q0006y0960j7rfgml7","fieldName":"transactions"},{"_typeName":"Transaction","id":"cjlxpelne00840960ckyjs1fm","fieldName":"user"}],[{"_typeName":"User","id":"cjlxpc7q0006y0960j7rfgml7","fieldName":"transactions"},{"_typeName":"Transaction","id":"cjlxpewtd008x0960q04qc3mj","fieldName":"user"}],[{"_typeName":"User","id":"cjlxpemzl008a0960jhqo7cdr","fieldName":"transactions"},{"_typeName":"Transaction","id":"cjlxpgi6s00940960m5tqmuu6","fieldName":"user"}],[{"_typeName":"User","id":"cjlxpemzl008a0960jhqo7cdr","fieldName":"transactions"},{"_typeName":"Transaction","id":"cjlxph456009f0960n0eyj6x8","fieldName":"user"}],[{"_typeName":"User","id":"cjlxpc7q0006y0960j7rfgml7","fieldName":"transactions"},{"_typeName":"Transaction","id":"cjlxpj2vu009r0960zgkoqd5b","fieldName":"user"}],[{"_typeName":"User","id":"cjlxpemzl008a0960jhqo7cdr","fieldName":"transactions"},{"_typeName":"Transaction","id":"cjlxpluo900a60960eln9r0i6","fieldName":"user"}],[{"_typeName":"User","id":"cjlxpemzl008a0960jhqo7cdr","fieldName":"transactions"},{"_typeName":"Transaction","id":"cjlxpmgnr00ak09609dyanl3r","fieldName":"user"}],[{"_typeName":"User","id":"cjlxpemzl008a0960jhqo7cdr","fieldName":"transactions"},{"_typeName":"Transaction","id":"cjlxpn21700aw0960vpz5u7gb","fieldName":"user"}],[{"_typeName":"User","id":"cjlxpemzl008a0960jhqo7cdr","fieldName":"transactions"},{"_typeName":"Transaction","id":"cjlxpnlbr00b90960x306pi77","fieldName":"user"}],[{"_typeName":"User","id":"cjlxpemzl008a0960jhqo7cdr","fieldName":"transactions"},{"_typeName":"Transaction","id":"cjlxpnz8o00bo0960u728ix0r","fieldName":"user"}],[{"_typeName":"User","id":"cjlxpemzl008a0960jhqo7cdr","fieldName":"transactions"},{"_typeName":"Transaction","id":"cjlxpoc0f00c20960gtq906kb","fieldName":"user"}],[{"_typeName":"User","id":"cjlxpemzl008a0960jhqo7cdr","fieldName":"transactions"},{"_typeName":"Transaction","id":"cjlxpop7100ch09605x52q93p","fieldName":"user"}],[{"_typeName":"User","id":"cjlxpemzl008a0960jhqo7cdr","fieldName":"transactions"},{"_typeName":"Transaction","id":"cjlxpp0x000cu0960hkkkcfcg","fieldName":"user"}],[{"_typeName":"User","id":"cjlxpemzl008a0960jhqo7cdr","fieldName":"transactions"},{"_typeName":"Transaction","id":"cjlxppezo00d60960fw0wijki","fieldName":"user"}],[{"_typeName":"User","id":"cjlxpemzl008a0960jhqo7cdr","fieldName":"transactions"},{"_typeName":"Transaction","id":"cjlxppubl00di09600uh3uhxc","fieldName":"user"}],[{"_typeName":"User","id":"cjlxpc7q0006y0960j7rfgml7","fieldName":"transactions"},{"_typeName":"Transaction","id":"cjlxpr58500dw0960oxtlqz5v","fieldName":"user"}],[{"_typeName":"User","id":"cjlxpts4500e409609axbtovx","fieldName":"transactions"},{"_typeName":"Transaction","id":"cjlxpvktg00ej0960osqead7y","fieldName":"user"}],[{"_typeName":"User","id":"cjlxpts4500e409609axbtovx","fieldName":"transactions"},{"_typeName":"Transaction","id":"cjlxpxp2k00ep0960m5br1aob","fieldName":"user"}],[{"_typeName":"User","id":"cjlxpts4500e409609axbtovx","fieldName":"transactions"},{"_typeName":"Transaction","id":"cjlxpzufn00f20960kkcht1i1","fieldName":"user"}],[{"_typeName":"User","id":"cjlxq63ef00fg0960zvh1sfa7","fieldName":"transactions"},{"_typeName":"Transaction","id":"cjlxqbkvj00fv0960pc0tlyvz","fieldName":"user"}],[{"_typeName":"User","id":"cjlxpts4500e409609axbtovx","fieldName":"transactions"},{"_typeName":"Transaction","id":"cjlxqgxom00gp0960px2zdp3a","fieldName":"user"}],[{"_typeName":"User","id":"cjlx9u7jk00050960glvdqa2a","fieldName":"transactions"},{"_typeName":"Transaction","id":"cjlxre7sa00iv09602jh3lvbj","fieldName":"user"}],[{"_typeName":"User","id":"cjlx9u7jk00050960glvdqa2a","fieldName":"transactions"},{"_typeName":"Transaction","id":"cjlxrf7ck00jc0960nkihzm5h","fieldName":"user"}],[{"_typeName":"User","id":"cjlxpc7q0006y0960j7rfgml7","fieldName":"transactions"},{"_typeName":"Transaction","id":"cjlxri2sz00jr09602rrkv7z1","fieldName":"user"}],[{"_typeName":"User","id":"cjlxq63ef00fg0960zvh1sfa7","fieldName":"transactions"},{"_typeName":"Transaction","id":"cjlxrlo8w00k20960gi87dhno","fieldName":"user"}],[{"_typeName":"User","id":"cjlxudkke00lu09604zdua14x","fieldName":"transactions"},{"_typeName":"Transaction","id":"cjlxuh51n00mr0960hbqxqjr0","fieldName":"user"}],[{"_typeName":"User","id":"cjlxudkke00lu09604zdua14x","fieldName":"transactions"},{"_typeName":"Transaction","id":"cjlxui7u400n80960h7r948pv","fieldName":"user"}],[{"_typeName":"User","id":"cjln29teb000z0953pmx1qfw3","fieldName":"transactions"},{"_typeName":"Transaction","id":"cjlxvd51n00oc0960smax76m1","fieldName":"user"}],[{"_typeName":"User","id":"cjln29teb000z0953pmx1qfw3","fieldName":"transactions"},{"_typeName":"Transaction","id":"cjlxvglbh00op0960mi2wi5s2","fieldName":"user"}],[{"_typeName":"User","id":"cjlxpts4500e409609axbtovx","fieldName":"transactions"},{"_typeName":"Transaction","id":"cjlxy5mdh00se0960067gtxxs","fieldName":"user"}],[{"_typeName":"User","id":"cjly0babf00u00960e6i4a1wh","fieldName":"transactions"},{"_typeName":"Transaction","id":"cjly0cq1f00ue0960ma0vpb4a","fieldName":"user"}],[{"_typeName":"User","id":"cjly0babf00u00960e6i4a1wh","fieldName":"transactions"},{"_typeName":"Transaction","id":"cjly0dc7d00us0960g2tp7crz","fieldName":"user"}],[{"_typeName":"User","id":"cjly2tu5200vr096002aff8w8","fieldName":"transactions"},{"_typeName":"Transaction","id":"cjly2vff600w5096099zswjy1","fieldName":"user"}],[{"_typeName":"User","id":"cjly2tu5200vr096002aff8w8","fieldName":"transactions"},{"_typeName":"Transaction","id":"cjly2w6od00wi0960v4c2rszv","fieldName":"user"}],[{"_typeName":"User","id":"cjlxpc7q0006y0960j7rfgml7","fieldName":"transactions"},{"_typeName":"Transaction","id":"cjly3amah00x4096082al8tpl","fieldName":"user"}],[{"_typeName":"User","id":"cjlxw6tq300qs0960yraq2vjs","fieldName":"transactions"},{"_typeName":"Transaction","id":"cjly5jbun00y8096036evbej5","fieldName":"user"}],[{"_typeName":"User","id":"cjlxw6tq300qs0960yraq2vjs","fieldName":"transactions"},{"_typeName":"Transaction","id":"cjly5kjc400yl0960cdk5lt2z","fieldName":"user"}],[{"_typeName":"User","id":"cjlxpts4500e409609axbtovx","fieldName":"transactions"},{"_typeName":"Transaction","id":"cjly638wi011309605dhbus62","fieldName":"user"}],[{"_typeName":"User","id":"cjlod2nu2001o0905ytqs67ww","fieldName":"transactions"},{"_typeName":"Transaction","id":"cjly86u7f000n0933wbg46egb","fieldName":"user"}],[{"_typeName":"User","id":"cjlycippb004b0933uijx6kbz","fieldName":"transactions"},{"_typeName":"Transaction","id":"cjlydsjuj00690933p70mo4yq","fieldName":"user"}],[{"_typeName":"User","id":"cjlydqxco005s0933e1vdcepy","fieldName":"transactions"},{"_typeName":"Transaction","id":"cjlydum2v006h093382oj0bt1","fieldName":"user"}],[{"_typeName":"User","id":"cjlydqaq9005d0933we3si0s0","fieldName":"transactions"},{"_typeName":"Transaction","id":"cjlydvwv6006u0933rykt92u5","fieldName":"user"}],[{"_typeName":"User","id":"cjlycippb004b0933uijx6kbz","fieldName":"transactions"},{"_typeName":"Transaction","id":"cjlydw70l00730933q4u5v9ry","fieldName":"user"}],[{"_typeName":"User","id":"cjlydqaq9005d0933we3si0s0","fieldName":"transactions"},{"_typeName":"Transaction","id":"cjlydxsgh007m0933ay6ffy08","fieldName":"user"}],[{"_typeName":"User","id":"cjlyglskc008s0933qatg7285","fieldName":"transactions"},{"_typeName":"Transaction","id":"cjlygph4u009d093389le95bf","fieldName":"user"}],[{"_typeName":"User","id":"cjlyglskc008s0933qatg7285","fieldName":"transactions"},{"_typeName":"Transaction","id":"cjlygreid009s0933uiskhh4n","fieldName":"user"}],[{"_typeName":"User","id":"cjlod2nu2001o0905ytqs67ww","fieldName":"transactions"},{"_typeName":"Transaction","id":"cjlyi9arz00ba0933oal8fyf1","fieldName":"user"}],[{"_typeName":"User","id":"cjlod2nu2001o0905ytqs67ww","fieldName":"transactions"},{"_typeName":"Transaction","id":"cjlyi9hyl00bq0933k5sgf221","fieldName":"user"}],[{"_typeName":"User","id":"cjlxnk4a9003y09602nyfrk65","fieldName":"transactions"},{"_typeName":"Transaction","id":"cjlyke9ao00ci0933g3o4ykbw","fieldName":"user"}],[{"_typeName":"User","id":"cjlod2nu2001o0905ytqs67ww","fieldName":"transactions"},{"_typeName":"Transaction","id":"cjlz24jac00eu0933rgkqswea","fieldName":"user"}],[{"_typeName":"User","id":"cjlod2nu2001o0905ytqs67ww","fieldName":"transactions"},{"_typeName":"Transaction","id":"cjlz48yyo001c0959f6zbetau","fieldName":"user"}],[{"_typeName":"User","id":"cjlod2nu2001o0905ytqs67ww","fieldName":"transactions"},{"_typeName":"Transaction","id":"cjlz49a00001s0959hc4mbmzg","fieldName":"user"}],[{"_typeName":"User","id":"cjlod2nu2001o0905ytqs67ww","fieldName":"transactions"},{"_typeName":"Transaction","id":"cjlz49hm500240959l42mdb15","fieldName":"user"}],[{"_typeName":"User","id":"cjlod2nu2001o0905ytqs67ww","fieldName":"transactions"},{"_typeName":"Transaction","id":"cjlz4f3xo003b0959reshlgrl","fieldName":"user"}],[{"_typeName":"User","id":"cjlod2nu2001o0905ytqs67ww","fieldName":"transactions"},{"_typeName":"Transaction","id":"cjlz4rxxa00510959u3vsq9rq","fieldName":"user"}],[{"_typeName":"User","id":"cjlod2nu2001o0905ytqs67ww","fieldName":"transactions"},{"_typeName":"Transaction","id":"cjlz53nah006g0959jj5370p5","fieldName":"user"}],[{"_typeName":"User","id":"cjlxpc7q0006y0960j7rfgml7","fieldName":"transactions"},{"_typeName":"Transaction","id":"cjlz8ihf6007n0959as7mz79k","fieldName":"user"}],[{"_typeName":"User","id":"cjlxpts4500e409609axbtovx","fieldName":"transactions"},{"_typeName":"Transaction","id":"cjlzazjra008m0959n596cw7g","fieldName":"user"}],[{"_typeName":"User","id":"cjlod2nu2001o0905ytqs67ww","fieldName":"transactions"},{"_typeName":"Transaction","id":"cjlzca72w009h0959fs1ke8xa","fieldName":"user"}],[{"_typeName":"User","id":"cjlod2nu2001o0905ytqs67ww","fieldName":"transactions"},{"_typeName":"Transaction","id":"cjlzqcves000n0958kyg07kmy","fieldName":"user"}],[{"_typeName":"User","id":"cjlod2nu2001o0905ytqs67ww","fieldName":"transactions"},{"_typeName":"Transaction","id":"cjlzqd9ds001209580jzbc30l","fieldName":"user"}],[{"_typeName":"User","id":"cjlxpc7q0006y0960j7rfgml7","fieldName":"transactions"},{"_typeName":"Transaction","id":"cjm17ag0r000o0915ywjx5a5g","fieldName":"user"}],[{"_typeName":"User","id":"cjlod2nu2001o0905ytqs67ww","fieldName":"transactions"},{"_typeName":"Transaction","id":"cjm19nkf2001f0915o6gw2pss","fieldName":"user"}],[{"_typeName":"User","id":"cjlod2nu2001o0905ytqs67ww","fieldName":"transactions"},{"_typeName":"Transaction","id":"cjm19nqmj001r0915g9kvjiwd","fieldName":"user"}],[{"_typeName":"User","id":"cjlod2nu2001o0905ytqs67ww","fieldName":"transactions"},{"_typeName":"Transaction","id":"cjm19nw5900230915g9muo4n7","fieldName":"user"}],[{"_typeName":"User","id":"cjlxpts4500e409609axbtovx","fieldName":"transactions"},{"_typeName":"Transaction","id":"cjm1clemc003409151ul6zgw7","fieldName":"user"}],[{"_typeName":"User","id":"cjlod2nu2001o0905ytqs67ww","fieldName":"transactions"},{"_typeName":"Transaction","id":"cjm2fy7f9000i0944l4ejav4o","fieldName":"user"}],[{"_typeName":"User","id":"cjlod2nu2001o0905ytqs67ww","fieldName":"transactions"},{"_typeName":"Transaction","id":"cjm2fyfdy000u0944msm2wjsa","fieldName":"user"}],[{"_typeName":"User","id":"cjlod2nu2001o0905ytqs67ww","fieldName":"transactions"},{"_typeName":"Transaction","id":"cjm2fyifo00140944zx617s5b","fieldName":"user"}],[{"_typeName":"User","id":"cjlod2nu2001o0905ytqs67ww","fieldName":"transactions"},{"_typeName":"Transaction","id":"cjm2fym2d001e0944o5qdc2rp","fieldName":"user"}],[{"_typeName":"User","id":"cjlxpts4500e409609axbtovx","fieldName":"transactions"},{"_typeName":"Transaction","id":"cjm2qnhss004l0944v0e4xte6","fieldName":"user"}],[{"_typeName":"User","id":"cjlxpts4500e409609axbtovx","fieldName":"transactions"},{"_typeName":"Transaction","id":"cjm2qnwi9004x0944c1985dib","fieldName":"user"}],[{"_typeName":"User","id":"cjlxpts4500e409609axbtovx","fieldName":"transactions"},{"_typeName":"Transaction","id":"cjm2qoex3005909442xq9w51j","fieldName":"user"}],[{"_typeName":"User","id":"cjlxpts4500e409609axbtovx","fieldName":"transactions"},{"_typeName":"Transaction","id":"cjm2qov1g005l0944ljlgqont","fieldName":"user"}],[{"_typeName":"User","id":"cjlxq63ef00fg0960zvh1sfa7","fieldName":"transactions"},{"_typeName":"Transaction","id":"cjm3tzbdb000c09731m9wq2fk","fieldName":"user"}],[{"_typeName":"User","id":"cjlxq63ef00fg0960zvh1sfa7","fieldName":"transactions"},{"_typeName":"Transaction","id":"cjm3u00ue000p0973ra9wrofj","fieldName":"user"}],[{"_typeName":"User","id":"cjlod2nu2001o0905ytqs67ww","fieldName":"transactions"},{"_typeName":"Transaction","id":"cjm41vb0b001g0973a1gsu9nw","fieldName":"user"}],[{"_typeName":"User","id":"cjlod2nu2001o0905ytqs67ww","fieldName":"transactions"},{"_typeName":"Transaction","id":"cjm41vgjr001s09731z2k0lzb","fieldName":"user"}],[{"_typeName":"User","id":"cjlod2nu2001o0905ytqs67ww","fieldName":"transactions"},{"_typeName":"Transaction","id":"cjm41vlg5002409734ks2pm0a","fieldName":"user"}],[{"_typeName":"User","id":"cjlod2nu2001o0905ytqs67ww","fieldName":"transactions"},{"_typeName":"Transaction","id":"cjm55el8w001l0999xs1kzt46","fieldName":"user"}],[{"_typeName":"User","id":"cjlod2nu2001o0905ytqs67ww","fieldName":"transactions"},{"_typeName":"Transaction","id":"cjm55esns001x09990n6e22cc","fieldName":"user"}],[{"_typeName":"User","id":"cjlxpts4500e409609axbtovx","fieldName":"transactions"},{"_typeName":"Transaction","id":"cjm55vm9l003d09993ob6w4fa","fieldName":"user"}],[{"_typeName":"User","id":"cjlxpts4500e409609axbtovx","fieldName":"transactions"},{"_typeName":"Transaction","id":"cjm55w4e1003p0999b29fhtl8","fieldName":"user"}],[{"_typeName":"User","id":"cjlxpts4500e409609axbtovx","fieldName":"transactions"},{"_typeName":"Transaction","id":"cjm5csx2m00580999sfp8lre1","fieldName":"user"}],[{"_typeName":"User","id":"cjlxpc7q0006y0960j7rfgml7","fieldName":"transactions"},{"_typeName":"Transaction","id":"cjm5k3z1x005p0999n9b291ej","fieldName":"user"}],[{"_typeName":"User","id":"cjlxq63ef00fg0960zvh1sfa7","fieldName":"transactions"},{"_typeName":"Transaction","id":"cjm5k66em006g0999anliwy9m","fieldName":"user"}],[{"_typeName":"User","id":"cjlycippb004b0933uijx6kbz","fieldName":"transactions"},{"_typeName":"Transaction","id":"cjm5k67s1006n0999wm5clpvr","fieldName":"user"}],[{"_typeName":"User","id":"cjlxnk4a9003y09602nyfrk65","fieldName":"transactions"},{"_typeName":"Transaction","id":"cjm5k7hkq007a0999pse510pu","fieldName":"user"}],[{"_typeName":"User","id":"cjm5loaqe007t0999y5p1l4me","fieldName":"transactions"},{"_typeName":"Transaction","id":"cjm5lpya500870999rockjimf","fieldName":"user"}],[{"_typeName":"User","id":"cjm5loaqe007t0999y5p1l4me","fieldName":"transactions"},{"_typeName":"Transaction","id":"cjm5lttkj008r0999c3ckv4qr","fieldName":"user"}],[{"_typeName":"User","id":"cjlxpc7q0006y0960j7rfgml7","fieldName":"transactions"},{"_typeName":"Transaction","id":"cjm7lejyk00880905wm4tx2h4","fieldName":"user"}],[{"_typeName":"User","id":"cjlxpc7q0006y0960j7rfgml7","fieldName":"transactions"},{"_typeName":"Transaction","id":"cjm7leywk008j0905nqrwe3wt","fieldName":"user"}],[{"_typeName":"User","id":"cjlod2nu2001o0905ytqs67ww","fieldName":"transactions"},{"_typeName":"Transaction","id":"cjm7omcgx008v0905k8yjd1s3","fieldName":"user"}],[{"_typeName":"User","id":"cjlod2nu2001o0905ytqs67ww","fieldName":"transactions"},{"_typeName":"Transaction","id":"cjm7omh6z009709055lty3c5h","fieldName":"user"}],[{"_typeName":"User","id":"cjlod2nu2001o0905ytqs67ww","fieldName":"transactions"},{"_typeName":"Transaction","id":"cjm7onq1500ab0905afxlce5s","fieldName":"user"}],[{"_typeName":"User","id":"cjlod2nu2001o0905ytqs67ww","fieldName":"transactions"},{"_typeName":"Transaction","id":"cjm7onv6g00an0905ki0npo71","fieldName":"user"}],[{"_typeName":"User","id":"cjlod2nu2001o0905ytqs67ww","fieldName":"transactions"},{"_typeName":"Transaction","id":"cjm7ovb2b00b30905b3zjxau2","fieldName":"user"}],[{"_typeName":"User","id":"cjlxpts4500e409609axbtovx","fieldName":"transactions"},{"_typeName":"Transaction","id":"cjm86vgf500180925i8m1ypfb","fieldName":"user"}],[{"_typeName":"User","id":"cjlod2nu2001o0905ytqs67ww","fieldName":"transactions"},{"_typeName":"Transaction","id":"cjm87kfu4003609253e33mt7v","fieldName":"user"}],[{"_typeName":"User","id":"cjlxpts4500e409609axbtovx","fieldName":"transactions"},{"_typeName":"Transaction","id":"cjm87of7l003m0925ypky5l00","fieldName":"user"}],[{"_typeName":"User","id":"cjlod2nu2001o0905ytqs67ww","fieldName":"transactions"},{"_typeName":"Transaction","id":"cjm9e11uq004z0925ekh8nu1k","fieldName":"user"}],[{"_typeName":"User","id":"cjlod2nu2001o0905ytqs67ww","fieldName":"transactions"},{"_typeName":"Transaction","id":"cjm9fn4x8000p0909eqx6pwz2","fieldName":"user"}],[{"_typeName":"User","id":"cjlod2nu2001o0905ytqs67ww","fieldName":"transactions"},{"_typeName":"Transaction","id":"cjm9qunth001509092k3csomi","fieldName":"user"}],[{"_typeName":"User","id":"cjlxpc7q0006y0960j7rfgml7","fieldName":"transactions"},{"_typeName":"Transaction","id":"cjm9rmuo5001r0909pln85fur","fieldName":"user"}],[{"_typeName":"User","id":"cjlycippb004b0933uijx6kbz","fieldName":"transactions"},{"_typeName":"Transaction","id":"cjm9w471a002b0909hk4cm7u4","fieldName":"user"}],[{"_typeName":"User","id":"cjlycippb004b0933uijx6kbz","fieldName":"transactions"},{"_typeName":"Transaction","id":"cjm9w51tp002p0909uo8i9f7s","fieldName":"user"}],[{"_typeName":"User","id":"cjlxz3t9u00tc09605y5dpd7r","fieldName":"transactions"},{"_typeName":"Transaction","id":"cjmb9hkdu000g0939yzrxofri","fieldName":"user"}],[{"_typeName":"User","id":"cjlxz3t9u00tc09605y5dpd7r","fieldName":"transactions"},{"_typeName":"Transaction","id":"cjmb9hygf000t09394uoxbnyf","fieldName":"user"}],[{"_typeName":"User","id":"cjlod2nu2001o0905ytqs67ww","fieldName":"transactions"},{"_typeName":"Transaction","id":"cjmb9nl4d001k0939mgpo755a","fieldName":"user"}],[{"_typeName":"User","id":"cjlod2nu2001o0905ytqs67ww","fieldName":"transactions"},{"_typeName":"Transaction","id":"cjmbadu0u001z0939drx9fcbc","fieldName":"user"}],[{"_typeName":"User","id":"cjlxpc7q0006y0960j7rfgml7","fieldName":"transactions"},{"_typeName":"Transaction","id":"cjmbcapiv003c0939k1pqj8lc","fieldName":"user"}],[{"_typeName":"User","id":"cjlod2nu2001o0905ytqs67ww","fieldName":"transactions"},{"_typeName":"Transaction","id":"cjmclda4z000b0964vz3f8fu4","fieldName":"user"}],[{"_typeName":"User","id":"cjlod2nu2001o0905ytqs67ww","fieldName":"transactions"},{"_typeName":"Transaction","id":"cjmdpfszh001909641i92ion2","fieldName":"user"}],[{"_typeName":"User","id":"cjlxnk4a9003y09602nyfrk65","fieldName":"transactions"},{"_typeName":"Transaction","id":"cjmdu35ur000i0906jigwennb","fieldName":"user"}],[{"_typeName":"User","id":"cjlycippb004b0933uijx6kbz","fieldName":"transactions"},{"_typeName":"Transaction","id":"cjme2it5x00170906ri05jery","fieldName":"user"}],[{"_typeName":"User","id":"cjlxq63ef00fg0960zvh1sfa7","fieldName":"transactions"},{"_typeName":"Transaction","id":"cjme2knle001o0906mctx0jwy","fieldName":"user"}],[{"_typeName":"User","id":"cjlod2nu2001o0905ytqs67ww","fieldName":"transactions"},{"_typeName":"Transaction","id":"cjme5gc8z00230906j5ry5rov","fieldName":"user"}],[{"_typeName":"User","id":"cjlod2nu2001o0905ytqs67ww","fieldName":"transactions"},{"_typeName":"Transaction","id":"cjme5gji9002e0906f189ogpf","fieldName":"user"}],[{"_typeName":"User","id":"cjlxpts4500e409609axbtovx","fieldName":"transactions"},{"_typeName":"Transaction","id":"cjme5pt2b002s09061rbx1y16","fieldName":"user"}],[{"_typeName":"User","id":"cjlod2nu2001o0905ytqs67ww","fieldName":"transactions"},{"_typeName":"Transaction","id":"cjme6k0pw003a0906kxk1x76j","fieldName":"user"}],[{"_typeName":"User","id":"cjln29teb000z0953pmx1qfw3","fieldName":"transactions"},{"_typeName":"Transaction","id":"cjmf5kmzx00490906t1n6qoic","fieldName":"user"}],[{"_typeName":"User","id":"cjln29teb000z0953pmx1qfw3","fieldName":"transactions"},{"_typeName":"Transaction","id":"cjmf5mysj004m0906cotp9eu3","fieldName":"user"}],[{"_typeName":"User","id":"cjlxpc7q0006y0960j7rfgml7","fieldName":"transactions"},{"_typeName":"Transaction","id":"cjmf607xq00580906ozbra8w5","fieldName":"user"}],[{"_typeName":"User","id":"cjlycippb004b0933uijx6kbz","fieldName":"transactions"},{"_typeName":"Transaction","id":"cjmfcxikr000x0979w2vvb3lv","fieldName":"user"}],[{"_typeName":"User","id":"cjlycippb004b0933uijx6kbz","fieldName":"transactions"},{"_typeName":"Transaction","id":"cjmfcy64b001a0979tdgovuog","fieldName":"user"}],[{"_typeName":"User","id":"cjlxpts4500e409609axbtovx","fieldName":"transactions"},{"_typeName":"Transaction","id":"cjmfk07ej002909792ngznp87","fieldName":"user"}],[{"_typeName":"User","id":"cjln29teb000z0953pmx1qfw3","fieldName":"transactions"},{"_typeName":"Transaction","id":"cjmfkqx5s003q09799ill9pi7","fieldName":"user"}],[{"_typeName":"User","id":"cjlxpts4500e409609axbtovx","fieldName":"transactions"},{"_typeName":"Transaction","id":"cjmga4opz005n0979ngnc95q7","fieldName":"user"}],[{"_typeName":"User","id":"cjlxpts4500e409609axbtovx","fieldName":"transactions"},{"_typeName":"Transaction","id":"cjmga7tfy005y09792rljxgz1","fieldName":"user"}],[{"_typeName":"User","id":"cjlxpts4500e409609axbtovx","fieldName":"transactions"},{"_typeName":"Transaction","id":"cjmga8prj006a0979yghsesjy","fieldName":"user"}],[{"_typeName":"User","id":"cjmgcsva3006q09790r4qrx44","fieldName":"transactions"},{"_typeName":"Transaction","id":"cjmgcu9a400740979751kswxo","fieldName":"user"}],[{"_typeName":"User","id":"cjmgcsva3006q09790r4qrx44","fieldName":"transactions"},{"_typeName":"Transaction","id":"cjmgcv8mp007h0979h7sv2puy","fieldName":"user"}],[{"_typeName":"User","id":"cjmgcsva3006q09790r4qrx44","fieldName":"transactions"},{"_typeName":"Transaction","id":"cjmgcwano007r09793lubrdup","fieldName":"user"}],[{"_typeName":"User","id":"cjmgcsva3006q09790r4qrx44","fieldName":"transactions"},{"_typeName":"Transaction","id":"cjmgcxyv0007z0979ah63cxpc","fieldName":"user"}],[{"_typeName":"User","id":"cjmgcsva3006q09790r4qrx44","fieldName":"transactions"},{"_typeName":"Transaction","id":"cjmgcykxv008c0979jhj2kq0k","fieldName":"user"}],[{"_typeName":"User","id":"cjlxpc7q0006y0960j7rfgml7","fieldName":"transactions"},{"_typeName":"Transaction","id":"cjmgszl0k001f0964j6db15ry","fieldName":"user"}],[{"_typeName":"User","id":"cjlod2nu2001o0905ytqs67ww","fieldName":"transactions"},{"_typeName":"Transaction","id":"cjmgyvh5u003c0964s7dhljmt","fieldName":"user"}],[{"_typeName":"User","id":"cjlxpc7q0006y0960j7rfgml7","fieldName":"transactions"},{"_typeName":"Transaction","id":"cjmgyxzgr003z096495laobec","fieldName":"user"}],[{"_typeName":"User","id":"cjln29teb000z0953pmx1qfw3","fieldName":"transactions"},{"_typeName":"Transaction","id":"cjmh1pw5u004m0964g3gm5r66","fieldName":"user"}],[{"_typeName":"User","id":"cjln29teb000z0953pmx1qfw3","fieldName":"transactions"},{"_typeName":"Transaction","id":"cjmh1q5mx00520964fuu0xyin","fieldName":"user"}],[{"_typeName":"User","id":"cjln29teb000z0953pmx1qfw3","fieldName":"transactions"},{"_typeName":"Transaction","id":"cjmh1snvs005h0964ig1bbk9t","fieldName":"user"}],[{"_typeName":"User","id":"cjln29teb000z0953pmx1qfw3","fieldName":"transactions"},{"_typeName":"Transaction","id":"cjmh1sx25005t0964axn1gglh","fieldName":"user"}],[{"_typeName":"User","id":"cjlod2nu2001o0905ytqs67ww","fieldName":"transactions"},{"_typeName":"Transaction","id":"cjmhv32nw007s0964osjq8op2","fieldName":"user"}],[{"_typeName":"User","id":"cjlod2nu2001o0905ytqs67ww","fieldName":"transactions"},{"_typeName":"Transaction","id":"cjmjx3p6600180975v1mb6fhb","fieldName":"user"}],[{"_typeName":"User","id":"cjlxpts4500e409609axbtovx","fieldName":"transactions"},{"_typeName":"Transaction","id":"cjmjx572y001q0975e73aihbr","fieldName":"user"}],[{"_typeName":"User","id":"cjlxpts4500e409609axbtovx","fieldName":"transactions"},{"_typeName":"Transaction","id":"cjmksnhp4003f0975iyiq3nza","fieldName":"user"}],[{"_typeName":"User","id":"cjlod2nu2001o0905ytqs67ww","fieldName":"transactions"},{"_typeName":"Transaction","id":"cjmm523kz000s0932u6ejx7q0","fieldName":"user"}],[{"_typeName":"User","id":"cjlxpc7q0006y0960j7rfgml7","fieldName":"transactions"},{"_typeName":"Transaction","id":"cjmnhcj54001i09540nhb633y","fieldName":"user"}],[{"_typeName":"User","id":"cjlxpts4500e409609axbtovx","fieldName":"transactions"},{"_typeName":"Transaction","id":"cjmphl5n3001l0969uzo6nfiv","fieldName":"user"}],[{"_typeName":"User","id":"cjlxpc7q0006y0960j7rfgml7","fieldName":"transactions"},{"_typeName":"Transaction","id":"cjmqbv544002d09693zafg0yq","fieldName":"user"}],[{"_typeName":"User","id":"cjlod2nu2001o0905ytqs67ww","fieldName":"transactions"},{"_typeName":"Transaction","id":"cjmqt51dv002x0969xn3l9jp6","fieldName":"user"}],[{"_typeName":"User","id":"cjlxpts4500e409609axbtovx","fieldName":"transactions"},{"_typeName":"Transaction","id":"cjms9vyn700150906zh69c7o8","fieldName":"user"}],[{"_typeName":"User","id":"cjlxpc7q0006y0960j7rfgml7","fieldName":"transactions"},{"_typeName":"Transaction","id":"cjmufvg2d000u0918u3fubp7v","fieldName":"user"}],[{"_typeName":"User","id":"cjln29teb000z0953pmx1qfw3","fieldName":"transactions"},{"_typeName":"Transaction","id":"cjmvavy02001309954p45308h","fieldName":"user"}],[{"_typeName":"User","id":"cjln29teb000z0953pmx1qfw3","fieldName":"transactions"},{"_typeName":"Transaction","id":"cjmvavymz001609958tvi5bdh","fieldName":"user"}],[{"_typeName":"User","id":"cjln29teb000z0953pmx1qfw3","fieldName":"transactions"},{"_typeName":"Transaction","id":"cjmvcv7u6001w0995367936nj","fieldName":"user"}],[{"_typeName":"User","id":"cjlxpts4500e409609axbtovx","fieldName":"transactions"},{"_typeName":"Transaction","id":"cjmz3k579000d09254xyq9a7t","fieldName":"user"}],[{"_typeName":"User","id":"cjln29teb000z0953pmx1qfw3","fieldName":"transactions"},{"_typeName":"Transaction","id":"cjmz4byxo000u0925xv2p03zw","fieldName":"user"}],[{"_typeName":"User","id":"cjlod2nu2001o0905ytqs67ww","fieldName":"transactions"},{"_typeName":"Transaction","id":"cjmzjp3mi001e0925vkg4phi1","fieldName":"user"}],[{"_typeName":"User","id":"cjlod2nu2001o0905ytqs67ww","fieldName":"transactions"},{"_typeName":"Transaction","id":"cjmzjp9hh001o0925iewf5u3a","fieldName":"user"}],[{"_typeName":"User","id":"cjln29teb000z0953pmx1qfw3","fieldName":"transactions"},{"_typeName":"Transaction","id":"cjmzjqukm002h09259oqllrfs","fieldName":"user"}],[{"_typeName":"User","id":"cjln29teb000z0953pmx1qfw3","fieldName":"transactions"},{"_typeName":"Transaction","id":"cjmzjr0pr002t0925u2yfpbc7","fieldName":"user"}],[{"_typeName":"User","id":"cjln29teb000z0953pmx1qfw3","fieldName":"transactions"},{"_typeName":"Transaction","id":"cjmzjr72m003509251kyx6mdc","fieldName":"user"}],[{"_typeName":"User","id":"cjln29teb000z0953pmx1qfw3","fieldName":"transactions"},{"_typeName":"Transaction","id":"cjmzjrd42003h0925oie6ofqv","fieldName":"user"}],[{"_typeName":"User","id":"cjln29teb000z0953pmx1qfw3","fieldName":"transactions"},{"_typeName":"Transaction","id":"cjmzjrink003t09256aho6gfd","fieldName":"user"}],[{"_typeName":"User","id":"cjlxpc7q0006y0960j7rfgml7","fieldName":"transactions"},{"_typeName":"Transaction","id":"cjn0lfsoh000r0927lwok63kt","fieldName":"user"}],[{"_typeName":"User","id":"cjlxpc7q0006y0960j7rfgml7","fieldName":"transactions"},{"_typeName":"Transaction","id":"cjn0lg72c001209270mhci2f2","fieldName":"user"}],[{"_typeName":"User","id":"cjln29teb000z0953pmx1qfw3","fieldName":"transactions"},{"_typeName":"Transaction","id":"cjn19aqcc001v0901bxudmn7o","fieldName":"user"}],[{"_typeName":"User","id":"cjlod2nu2001o0905ytqs67ww","fieldName":"transactions"},{"_typeName":"Transaction","id":"cjn3otbri000f0936jz8dx2i3","fieldName":"user"}],[{"_typeName":"User","id":"cjlod2nu2001o0905ytqs67ww","fieldName":"transactions"},{"_typeName":"Transaction","id":"cjn3ou6i5000s09363j6h9opt","fieldName":"user"}],[{"_typeName":"User","id":"cjlxpc7q0006y0960j7rfgml7","fieldName":"transactions"},{"_typeName":"Transaction","id":"cjn3v0ci9001c0936g167lm8l","fieldName":"user"}],[{"_typeName":"User","id":"cjln29teb000z0953pmx1qfw3","fieldName":"transactions"},{"_typeName":"Transaction","id":"cjn48ir9c000b0958zzckf7o9","fieldName":"user"}],[{"_typeName":"User","id":"cjlod2nu2001o0905ytqs67ww","fieldName":"transactions"},{"_typeName":"Transaction","id":"cjn4lm13n000z0958ikd88e71","fieldName":"user"}],[{"_typeName":"User","id":"cjln29teb000z0953pmx1qfw3","fieldName":"transactions"},{"_typeName":"Transaction","id":"cjn5at7ig001o0958pzd6tagp","fieldName":"user"}],[{"_typeName":"User","id":"cjln29teb000z0953pmx1qfw3","fieldName":"transactions"},{"_typeName":"Transaction","id":"cjn5atd3j002009580ulqlani","fieldName":"user"}],[{"_typeName":"User","id":"cjln29teb000z0953pmx1qfw3","fieldName":"transactions"},{"_typeName":"Transaction","id":"cjn5atjmd002c0958qucx6m4q","fieldName":"user"}],[{"_typeName":"User","id":"cjln29teb000z0953pmx1qfw3","fieldName":"transactions"},{"_typeName":"Transaction","id":"cjn5atowa002o0958xw1fae0i","fieldName":"user"}],[{"_typeName":"User","id":"cjln29teb000z0953pmx1qfw3","fieldName":"transactions"},{"_typeName":"Transaction","id":"cjn5atxc90034095810uj4hs5","fieldName":"user"}],[{"_typeName":"User","id":"cjln29teb000z0953pmx1qfw3","fieldName":"transactions"},{"_typeName":"Transaction","id":"cjn5au1w6003g0958r7fnu8qw","fieldName":"user"}],[{"_typeName":"User","id":"cjln29teb000z0953pmx1qfw3","fieldName":"transactions"},{"_typeName":"Transaction","id":"cjn5au6eb003s09583h4zd2of","fieldName":"user"}],[{"_typeName":"User","id":"cjln29teb000z0953pmx1qfw3","fieldName":"transactions"},{"_typeName":"Transaction","id":"cjn5auc0i00440958honwi28q","fieldName":"user"}],[{"_typeName":"User","id":"cjln29teb000z0953pmx1qfw3","fieldName":"transactions"},{"_typeName":"Transaction","id":"cjn5aufxa004g0958oraywqu8","fieldName":"user"}],[{"_typeName":"User","id":"cjln29teb000z0953pmx1qfw3","fieldName":"transactions"},{"_typeName":"Transaction","id":"cjn5aul8d004s0958rx9v95vv","fieldName":"user"}],[{"_typeName":"User","id":"cjln29teb000z0953pmx1qfw3","fieldName":"transactions"},{"_typeName":"Transaction","id":"cjn5aus9i005809588m34jqzp","fieldName":"user"}],[{"_typeName":"User","id":"cjln29teb000z0953pmx1qfw3","fieldName":"transactions"},{"_typeName":"Transaction","id":"cjn5auxnm005k0958bgq4ft55","fieldName":"user"}],[{"_typeName":"User","id":"cjln29teb000z0953pmx1qfw3","fieldName":"transactions"},{"_typeName":"Transaction","id":"cjn5av1wu005w0958bn64houh","fieldName":"user"}],[{"_typeName":"User","id":"cjln29teb000z0953pmx1qfw3","fieldName":"transactions"},{"_typeName":"Transaction","id":"cjn5av5zc00680958r3opm083","fieldName":"user"}],[{"_typeName":"User","id":"cjln29teb000z0953pmx1qfw3","fieldName":"transactions"},{"_typeName":"Transaction","id":"cjn5ava4r006k0958hq3iaf41","fieldName":"user"}],[{"_typeName":"User","id":"cjln29teb000z0953pmx1qfw3","fieldName":"transactions"},{"_typeName":"Transaction","id":"cjn5aveab006w0958i5r1vvz9","fieldName":"user"}],[{"_typeName":"User","id":"cjln29teb000z0953pmx1qfw3","fieldName":"transactions"},{"_typeName":"Transaction","id":"cjn5avjq200780958naxq9gfq","fieldName":"user"}],[{"_typeName":"User","id":"cjln29teb000z0953pmx1qfw3","fieldName":"transactions"},{"_typeName":"Transaction","id":"cjn5avo6b007k0958nf7lmy9y","fieldName":"user"}],[{"_typeName":"User","id":"cjlod2nu2001o0905ytqs67ww","fieldName":"transactions"},{"_typeName":"Transaction","id":"cjn90w1kt000f09643jnj5o4i","fieldName":"user"}],[{"_typeName":"User","id":"cjlod2nu2001o0905ytqs67ww","fieldName":"transactions"},{"_typeName":"Transaction","id":"cjn90w7vm000r0964zwo6pmry","fieldName":"user"}],[{"_typeName":"User","id":"cjlod2nu2001o0905ytqs67ww","fieldName":"transactions"},{"_typeName":"Transaction","id":"cjn90wcym00130964bhzz42jc","fieldName":"user"}],[{"_typeName":"User","id":"cjlod2nu2001o0905ytqs67ww","fieldName":"transactions"},{"_typeName":"Transaction","id":"cjn90whsg001f0964d34k7t6p","fieldName":"user"}],[{"_typeName":"User","id":"cjlod2nu2001o0905ytqs67ww","fieldName":"transactions"},{"_typeName":"Transaction","id":"cjn90wmj4001r09642y7cv2kf","fieldName":"user"}],[{"_typeName":"User","id":"cjlod2nu2001o0905ytqs67ww","fieldName":"transactions"},{"_typeName":"Transaction","id":"cjn90wrdw00230964wvkkqh8s","fieldName":"user"}],[{"_typeName":"User","id":"cjlod2nu2001o0905ytqs67ww","fieldName":"transactions"},{"_typeName":"Transaction","id":"cjn90ww10002f09642f16pn3m","fieldName":"user"}],[{"_typeName":"User","id":"cjlod2nu2001o0905ytqs67ww","fieldName":"transactions"},{"_typeName":"Transaction","id":"cjn90x271002r096409tc1ibh","fieldName":"user"}],[{"_typeName":"User","id":"cjlod2nu2001o0905ytqs67ww","fieldName":"transactions"},{"_typeName":"Transaction","id":"cjn90x6tr003309644o5gxr66","fieldName":"user"}],[{"_typeName":"User","id":"cjlod2nu2001o0905ytqs67ww","fieldName":"transactions"},{"_typeName":"Transaction","id":"cjn90xb31003f0964vlf2ff2q","fieldName":"user"}],[{"_typeName":"User","id":"cjlod2nu2001o0905ytqs67ww","fieldName":"transactions"},{"_typeName":"Transaction","id":"cjn90xggl003r0964sprwk1bz","fieldName":"user"}],[{"_typeName":"User","id":"cjlxpts4500e409609axbtovx","fieldName":"transactions"},{"_typeName":"Transaction","id":"cjnamqyrh000r0901wlcnowai","fieldName":"user"}],[{"_typeName":"User","id":"cjlxpts4500e409609axbtovx","fieldName":"transactions"},{"_typeName":"Transaction","id":"cjnamt27a00130901v2x5w4yu","fieldName":"user"}],[{"_typeName":"User","id":"cjni25xhv00140953uty28kxa","fieldName":"transactions"},{"_typeName":"Transaction","id":"cjni27zam001h095310y8muzh","fieldName":"user"}],[{"_typeName":"User","id":"cjni25xhv00140953uty28kxa","fieldName":"transactions"},{"_typeName":"Transaction","id":"cjni28vxs001u09531z5b0sbn","fieldName":"user"}],[{"_typeName":"User","id":"cjln29teb000z0953pmx1qfw3","fieldName":"transactions"},{"_typeName":"Transaction","id":"cjni6f9fa002w0953uikmqrzd","fieldName":"user"}],[{"_typeName":"User","id":"cjlod2nu2001o0905ytqs67ww","fieldName":"transactions"},{"_typeName":"Transaction","id":"cjniwdtc6000e0972u8bh0emy","fieldName":"user"}],[{"_typeName":"User","id":"cjlod2nu2001o0905ytqs67ww","fieldName":"transactions"},{"_typeName":"Transaction","id":"cjniwdyfw000q0972ef7nhky0","fieldName":"user"}],[{"_typeName":"User","id":"cjlod2nu2001o0905ytqs67ww","fieldName":"transactions"},{"_typeName":"Transaction","id":"cjniwe3tz00150972k5lu88o2","fieldName":"user"}],[{"_typeName":"User","id":"cjlod2nu2001o0905ytqs67ww","fieldName":"transactions"},{"_typeName":"Transaction","id":"cjniwe7wa001h0972vpx2fi5o","fieldName":"user"}],[{"_typeName":"User","id":"cjlod2nu2001o0905ytqs67ww","fieldName":"transactions"},{"_typeName":"Transaction","id":"cjniwebmg001t0972qe15rysl","fieldName":"user"}],[{"_typeName":"User","id":"cjlod2nu2001o0905ytqs67ww","fieldName":"transactions"},{"_typeName":"Transaction","id":"cjniwef8x00230972rw2ggyyj","fieldName":"user"}],[{"_typeName":"User","id":"cjlod2nu2001o0905ytqs67ww","fieldName":"transactions"},{"_typeName":"Transaction","id":"cjniwej4i002h09727w7vqz26","fieldName":"user"}],[{"_typeName":"User","id":"cjlod2nu2001o0905ytqs67ww","fieldName":"transactions"},{"_typeName":"Transaction","id":"cjniwen3e002q0972syybfce2","fieldName":"user"}],[{"_typeName":"User","id":"cjlod2nu2001o0905ytqs67ww","fieldName":"transactions"},{"_typeName":"Transaction","id":"cjniwes7t003509722y7dyst2","fieldName":"user"}],[{"_typeName":"User","id":"cjlod2nu2001o0905ytqs67ww","fieldName":"transactions"},{"_typeName":"Transaction","id":"cjniwewes003e09723bv006dq","fieldName":"user"}],[{"_typeName":"User","id":"cjlod2nu2001o0905ytqs67ww","fieldName":"transactions"},{"_typeName":"Transaction","id":"cjniwf0l1003t0972aqk8jr97","fieldName":"user"}],[{"_typeName":"User","id":"cjlod2nu2001o0905ytqs67ww","fieldName":"transactions"},{"_typeName":"Transaction","id":"cjniwf4h7004209724n721y2r","fieldName":"user"}],[{"_typeName":"User","id":"cjlod2nu2001o0905ytqs67ww","fieldName":"transactions"},{"_typeName":"Transaction","id":"cjniwf8tr004e0972lqiryciv","fieldName":"user"}],[{"_typeName":"User","id":"cjlod2nu2001o0905ytqs67ww","fieldName":"transactions"},{"_typeName":"Transaction","id":"cjniwfe0i004q0972jnk1kk4f","fieldName":"user"}],[{"_typeName":"User","id":"cjlod2nu2001o0905ytqs67ww","fieldName":"transactions"},{"_typeName":"Transaction","id":"cjniwfiv4005209721pl34v8k","fieldName":"user"}],[{"_typeName":"User","id":"cjlod2nu2001o0905ytqs67ww","fieldName":"transactions"},{"_typeName":"Transaction","id":"cjniwfnn7005e0972n9nlalph","fieldName":"user"}],[{"_typeName":"User","id":"cjlod2nu2001o0905ytqs67ww","fieldName":"transactions"},{"_typeName":"Transaction","id":"cjniwfw8a005q0972gi8f3b0k","fieldName":"user"}],[{"_typeName":"User","id":"cjlod2nu2001o0905ytqs67ww","fieldName":"transactions"},{"_typeName":"Transaction","id":"cjniwg4sr00620972j3pfobnq","fieldName":"user"}],[{"_typeName":"User","id":"cjln29teb000z0953pmx1qfw3","fieldName":"transactions"},{"_typeName":"Transaction","id":"cjnjb2kk1007k0972pco1mi3l","fieldName":"user"}],[{"_typeName":"User","id":"cjln29teb000z0953pmx1qfw3","fieldName":"transactions"},{"_typeName":"Transaction","id":"cjnjb46rq00810972nch5r0n8","fieldName":"user"}],[{"_typeName":"User","id":"cjln29teb000z0953pmx1qfw3","fieldName":"transactions"},{"_typeName":"Transaction","id":"cjnjb4bkc008d09728oqcu922","fieldName":"user"}],[{"_typeName":"User","id":"cjlxpts4500e409609axbtovx","fieldName":"transactions"},{"_typeName":"Transaction","id":"cjnks3om0000j0932g5usjxck","fieldName":"user"}],[{"_typeName":"User","id":"cjlod2nu2001o0905ytqs67ww","fieldName":"transactions"},{"_typeName":"Transaction","id":"cjnkw2v1w000x0932h5ulo7nv","fieldName":"user"}],[{"_typeName":"Transaction","id":"cjlxm6v5u001m0960hmtlcki9","fieldName":"event"},{"_typeName":"Event","id":"cjlpmdx3q003r0918lw2knja2","fieldName":"donations"}],[{"_typeName":"Transaction","id":"cjlxm75uj001y0960iytkux38","fieldName":"event"},{"_typeName":"Event","id":"cjlpmdx3q003r0918lw2knja2","fieldName":"donations"}],[{"_typeName":"Transaction","id":"cjlxm7asf002a0960p2m6w2tl","fieldName":"event"},{"_typeName":"Event","id":"cjlpmdx3q003r0918lw2knja2","fieldName":"donations"}],[{"_typeName":"Transaction","id":"cjlxm7fk6002m0960fi788b9c","fieldName":"event"},{"_typeName":"Event","id":"cjlpmdx3q003r0918lw2knja2","fieldName":"donations"}],[{"_typeName":"Transaction","id":"cjlxm7jn7002y09607j9kqvda","fieldName":"event"},{"_typeName":"Event","id":"cjlpmdx3q003r0918lw2knja2","fieldName":"donations"}],[{"_typeName":"Transaction","id":"cjlxnn71u004p09602rn6f2me","fieldName":"event"},{"_typeName":"Event","id":"cjlpmdx3q003r0918lw2knja2","fieldName":"donations"}],[{"_typeName":"Transaction","id":"cjlxp9gos006l0960rnu8og1r","fieldName":"event"},{"_typeName":"Event","id":"cjlpmdx3q003r0918lw2knja2","fieldName":"donations"}],[{"_typeName":"Transaction","id":"cjlxpea2k007p0960gq0ui3zr","fieldName":"event"},{"_typeName":"Event","id":"cjlpmdx3q003r0918lw2knja2","fieldName":"donations"}],[{"_typeName":"Transaction","id":"cjlxpelne00840960ckyjs1fm","fieldName":"event"},{"_typeName":"Event","id":"cjlpmdx3q003r0918lw2knja2","fieldName":"donations"}],[{"_typeName":"Transaction","id":"cjlxpewtd008x0960q04qc3mj","fieldName":"event"},{"_typeName":"Event","id":"cjlpmdx3q003r0918lw2knja2","fieldName":"donations"}],[{"_typeName":"Transaction","id":"cjlxph456009f0960n0eyj6x8","fieldName":"event"},{"_typeName":"Event","id":"cjlpmdx3q003r0918lw2knja2","fieldName":"donations"}],[{"_typeName":"Transaction","id":"cjlxpj2vu009r0960zgkoqd5b","fieldName":"event"},{"_typeName":"Event","id":"cjlpmdx3q003r0918lw2knja2","fieldName":"donations"}],[{"_typeName":"Transaction","id":"cjlxpluo900a60960eln9r0i6","fieldName":"event"},{"_typeName":"Event","id":"cjlpmdx3q003r0918lw2knja2","fieldName":"donations"}],[{"_typeName":"Transaction","id":"cjlxpmgnr00ak09609dyanl3r","fieldName":"event"},{"_typeName":"Event","id":"cjlpmdx3q003r0918lw2knja2","fieldName":"donations"}],[{"_typeName":"Transaction","id":"cjlxpn21700aw0960vpz5u7gb","fieldName":"event"},{"_typeName":"Event","id":"cjlpmdx3q003r0918lw2knja2","fieldName":"donations"}],[{"_typeName":"Transaction","id":"cjlxpnlbr00b90960x306pi77","fieldName":"event"},{"_typeName":"Event","id":"cjlpmdx3q003r0918lw2knja2","fieldName":"donations"}],[{"_typeName":"Transaction","id":"cjlxpnz8o00bo0960u728ix0r","fieldName":"event"},{"_typeName":"Event","id":"cjlpmdx3q003r0918lw2knja2","fieldName":"donations"}],[{"_typeName":"Transaction","id":"cjlxpoc0f00c20960gtq906kb","fieldName":"event"},{"_typeName":"Event","id":"cjlpmdx3q003r0918lw2knja2","fieldName":"donations"}],[{"_typeName":"Transaction","id":"cjlxpop7100ch09605x52q93p","fieldName":"event"},{"_typeName":"Event","id":"cjlpmdx3q003r0918lw2knja2","fieldName":"donations"}],[{"_typeName":"Transaction","id":"cjlxpp0x000cu0960hkkkcfcg","fieldName":"event"},{"_typeName":"Event","id":"cjlpmdx3q003r0918lw2knja2","fieldName":"donations"}],[{"_typeName":"Transaction","id":"cjlxppezo00d60960fw0wijki","fieldName":"event"},{"_typeName":"Event","id":"cjlpmdx3q003r0918lw2knja2","fieldName":"donations"}],[{"_typeName":"Transaction","id":"cjlxppubl00di09600uh3uhxc","fieldName":"event"},{"_typeName":"Event","id":"cjlpmdx3q003r0918lw2knja2","fieldName":"donations"}],[{"_typeName":"Transaction","id":"cjlxpr58500dw0960oxtlqz5v","fieldName":"event"},{"_typeName":"Event","id":"cjlpmdx3q003r0918lw2knja2","fieldName":"donations"}],[{"_typeName":"Transaction","id":"cjlxpzufn00f20960kkcht1i1","fieldName":"event"},{"_typeName":"Event","id":"cjlpmdx3q003r0918lw2knja2","fieldName":"donations"}],[{"_typeName":"Transaction","id":"cjlxqgxom00gp0960px2zdp3a","fieldName":"event"},{"_typeName":"Event","id":"cjlpmdx3q003r0918lw2knja2","fieldName":"donations"}],[{"_typeName":"Transaction","id":"cjlxrf7ck00jc0960nkihzm5h","fieldName":"event"},{"_typeName":"Event","id":"cjlpmdx3q003r0918lw2knja2","fieldName":"donations"}],[{"_typeName":"Transaction","id":"cjlxri2sz00jr09602rrkv7z1","fieldName":"event"},{"_typeName":"Event","id":"cjlpmdx3q003r0918lw2knja2","fieldName":"donations"}],[{"_typeName":"Transaction","id":"cjlxrlo8w00k20960gi87dhno","fieldName":"event"},{"_typeName":"Event","id":"cjlpmdx3q003r0918lw2knja2","fieldName":"donations"}],[{"_typeName":"Transaction","id":"cjlxui7u400n80960h7r948pv","fieldName":"event"},{"_typeName":"Event","id":"cjlpmdx3q003r0918lw2knja2","fieldName":"donations"}],[{"_typeName":"Transaction","id":"cjlxvglbh00op0960mi2wi5s2","fieldName":"event"},{"_typeName":"Event","id":"cjlpmdx3q003r0918lw2knja2","fieldName":"donations"}],[{"_typeName":"Transaction","id":"cjlxy5mdh00se0960067gtxxs","fieldName":"event"},{"_typeName":"Event","id":"cjlpmdx3q003r0918lw2knja2","fieldName":"donations"}],[{"_typeName":"Transaction","id":"cjly0dc7d00us0960g2tp7crz","fieldName":"event"},{"_typeName":"Event","id":"cjlpmdx3q003r0918lw2knja2","fieldName":"donations"}],[{"_typeName":"Transaction","id":"cjly2w6od00wi0960v4c2rszv","fieldName":"event"},{"_typeName":"Event","id":"cjlpmdx3q003r0918lw2knja2","fieldName":"donations"}],[{"_typeName":"Transaction","id":"cjly3amah00x4096082al8tpl","fieldName":"event"},{"_typeName":"Event","id":"cjlpmdx3q003r0918lw2knja2","fieldName":"donations"}],[{"_typeName":"Transaction","id":"cjly5kjc400yl0960cdk5lt2z","fieldName":"event"},{"_typeName":"Event","id":"cjlpmdx3q003r0918lw2knja2","fieldName":"donations"}],[{"_typeName":"Transaction","id":"cjly638wi011309605dhbus62","fieldName":"event"},{"_typeName":"Event","id":"cjlpmdx3q003r0918lw2knja2","fieldName":"donations"}],[{"_typeName":"Transaction","id":"cjly86u7f000n0933wbg46egb","fieldName":"event"},{"_typeName":"Event","id":"cjlpmdx3q003r0918lw2knja2","fieldName":"donations"}],[{"_typeName":"Transaction","id":"cjlydw70l00730933q4u5v9ry","fieldName":"event"},{"_typeName":"Event","id":"cjlpmdx3q003r0918lw2knja2","fieldName":"donations"}],[{"_typeName":"Transaction","id":"cjlydxsgh007m0933ay6ffy08","fieldName":"event"},{"_typeName":"Event","id":"cjlpmdx3q003r0918lw2knja2","fieldName":"donations"}],[{"_typeName":"Transaction","id":"cjlygreid009s0933uiskhh4n","fieldName":"event"},{"_typeName":"Event","id":"cjlpmdx3q003r0918lw2knja2","fieldName":"donations"}],[{"_typeName":"Transaction","id":"cjlyi9arz00ba0933oal8fyf1","fieldName":"event"},{"_typeName":"Event","id":"cjlpmdx3q003r0918lw2knja2","fieldName":"donations"}],[{"_typeName":"Transaction","id":"cjlyi9hyl00bq0933k5sgf221","fieldName":"event"},{"_typeName":"Event","id":"cjlpmdx3q003r0918lw2knja2","fieldName":"donations"}],[{"_typeName":"Transaction","id":"cjlyke9ao00ci0933g3o4ykbw","fieldName":"event"},{"_typeName":"Event","id":"cjlpmdx3q003r0918lw2knja2","fieldName":"donations"}],[{"_typeName":"Transaction","id":"cjlz24jac00eu0933rgkqswea","fieldName":"event"},{"_typeName":"Event","id":"cjlpmdx3q003r0918lw2knja2","fieldName":"donations"}],[{"_typeName":"Transaction","id":"cjlz48yyo001c0959f6zbetau","fieldName":"event"},{"_typeName":"Event","id":"cjlpmdx3q003r0918lw2knja2","fieldName":"donations"}],[{"_typeName":"Transaction","id":"cjlz49a00001s0959hc4mbmzg","fieldName":"event"},{"_typeName":"Event","id":"cjlpmdx3q003r0918lw2knja2","fieldName":"donations"}],[{"_typeName":"Transaction","id":"cjlz49hm500240959l42mdb15","fieldName":"event"},{"_typeName":"Event","id":"cjlpmdx3q003r0918lw2knja2","fieldName":"donations"}],[{"_typeName":"Transaction","id":"cjlz4f3xo003b0959reshlgrl","fieldName":"event"},{"_typeName":"Event","id":"cjlpmdx3q003r0918lw2knja2","fieldName":"donations"}],[{"_typeName":"Transaction","id":"cjlz4rxxa00510959u3vsq9rq","fieldName":"event"},{"_typeName":"Event","id":"cjlpmdx3q003r0918lw2knja2","fieldName":"donations"}],[{"_typeName":"Transaction","id":"cjlz53nah006g0959jj5370p5","fieldName":"event"},{"_typeName":"Event","id":"cjlpmdx3q003r0918lw2knja2","fieldName":"donations"}],[{"_typeName":"Transaction","id":"cjlz8ihf6007n0959as7mz79k","fieldName":"event"},{"_typeName":"Event","id":"cjlpmdx3q003r0918lw2knja2","fieldName":"donations"}],[{"_typeName":"Transaction","id":"cjlzazjra008m0959n596cw7g","fieldName":"event"},{"_typeName":"Event","id":"cjlpmdx3q003r0918lw2knja2","fieldName":"donations"}],[{"_typeName":"Transaction","id":"cjlzca72w009h0959fs1ke8xa","fieldName":"event"},{"_typeName":"Event","id":"cjlpmdx3q003r0918lw2knja2","fieldName":"donations"}],[{"_typeName":"Transaction","id":"cjlzqcves000n0958kyg07kmy","fieldName":"event"},{"_typeName":"Event","id":"cjlpmdx3q003r0918lw2knja2","fieldName":"donations"}],[{"_typeName":"Transaction","id":"cjlzqd9ds001209580jzbc30l","fieldName":"event"},{"_typeName":"Event","id":"cjlpmdx3q003r0918lw2knja2","fieldName":"donations"}],[{"_typeName":"Transaction","id":"cjm17ag0r000o0915ywjx5a5g","fieldName":"event"},{"_typeName":"Event","id":"cjlpmdx3q003r0918lw2knja2","fieldName":"donations"}],[{"_typeName":"Transaction","id":"cjm19nkf2001f0915o6gw2pss","fieldName":"event"},{"_typeName":"Event","id":"cjlpmdx3q003r0918lw2knja2","fieldName":"donations"}],[{"_typeName":"Transaction","id":"cjm19nqmj001r0915g9kvjiwd","fieldName":"event"},{"_typeName":"Event","id":"cjlpmdx3q003r0918lw2knja2","fieldName":"donations"}],[{"_typeName":"Transaction","id":"cjm19nw5900230915g9muo4n7","fieldName":"event"},{"_typeName":"Event","id":"cjlpmdx3q003r0918lw2knja2","fieldName":"donations"}],[{"_typeName":"Transaction","id":"cjm1clemc003409151ul6zgw7","fieldName":"event"},{"_typeName":"Event","id":"cjlpmdx3q003r0918lw2knja2","fieldName":"donations"}],[{"_typeName":"Transaction","id":"cjm2fy7f9000i0944l4ejav4o","fieldName":"event"},{"_typeName":"Event","id":"cjlpmdx3q003r0918lw2knja2","fieldName":"donations"}],[{"_typeName":"Transaction","id":"cjm2fyfdy000u0944msm2wjsa","fieldName":"event"},{"_typeName":"Event","id":"cjlpmdx3q003r0918lw2knja2","fieldName":"donations"}],[{"_typeName":"Transaction","id":"cjm2fyifo00140944zx617s5b","fieldName":"event"},{"_typeName":"Event","id":"cjlpmdx3q003r0918lw2knja2","fieldName":"donations"}],[{"_typeName":"Transaction","id":"cjm2fym2d001e0944o5qdc2rp","fieldName":"event"},{"_typeName":"Event","id":"cjlpmdx3q003r0918lw2knja2","fieldName":"donations"}],[{"_typeName":"Transaction","id":"cjm2qnhss004l0944v0e4xte6","fieldName":"event"},{"_typeName":"Event","id":"cjlpmdx3q003r0918lw2knja2","fieldName":"donations"}],[{"_typeName":"Transaction","id":"cjm2qnwi9004x0944c1985dib","fieldName":"event"},{"_typeName":"Event","id":"cjlpmdx3q003r0918lw2knja2","fieldName":"donations"}],[{"_typeName":"Transaction","id":"cjm2qoex3005909442xq9w51j","fieldName":"event"},{"_typeName":"Event","id":"cjlpmdx3q003r0918lw2knja2","fieldName":"donations"}],[{"_typeName":"Transaction","id":"cjm2qov1g005l0944ljlgqont","fieldName":"event"},{"_typeName":"Event","id":"cjlpmdx3q003r0918lw2knja2","fieldName":"donations"}],[{"_typeName":"Transaction","id":"cjm3u00ue000p0973ra9wrofj","fieldName":"event"},{"_typeName":"Event","id":"cjlpmdx3q003r0918lw2knja2","fieldName":"donations"}],[{"_typeName":"Transaction","id":"cjm41vb0b001g0973a1gsu9nw","fieldName":"event"},{"_typeName":"Event","id":"cjlpmdx3q003r0918lw2knja2","fieldName":"donations"}],[{"_typeName":"Transaction","id":"cjm41vgjr001s09731z2k0lzb","fieldName":"event"},{"_typeName":"Event","id":"cjlpmdx3q003r0918lw2knja2","fieldName":"donations"}],[{"_typeName":"Transaction","id":"cjm41vlg5002409734ks2pm0a","fieldName":"event"},{"_typeName":"Event","id":"cjlpmdx3q003r0918lw2knja2","fieldName":"donations"}],[{"_typeName":"Transaction","id":"cjm55el8w001l0999xs1kzt46","fieldName":"event"},{"_typeName":"Event","id":"cjlpmdx3q003r0918lw2knja2","fieldName":"donations"}],[{"_typeName":"Transaction","id":"cjm55esns001x09990n6e22cc","fieldName":"event"},{"_typeName":"Event","id":"cjlpmdx3q003r0918lw2knja2","fieldName":"donations"}],[{"_typeName":"Transaction","id":"cjm55vm9l003d09993ob6w4fa","fieldName":"event"},{"_typeName":"Event","id":"cjlpmdx3q003r0918lw2knja2","fieldName":"donations"}],[{"_typeName":"Transaction","id":"cjm55w4e1003p0999b29fhtl8","fieldName":"event"},{"_typeName":"Event","id":"cjlpmdx3q003r0918lw2knja2","fieldName":"donations"}],[{"_typeName":"Transaction","id":"cjm5csx2m00580999sfp8lre1","fieldName":"event"},{"_typeName":"Event","id":"cjlpmdx3q003r0918lw2knja2","fieldName":"donations"}],[{"_typeName":"Transaction","id":"cjm5k3z1x005p0999n9b291ej","fieldName":"event"},{"_typeName":"Event","id":"cjlpmdx3q003r0918lw2knja2","fieldName":"donations"}],[{"_typeName":"Transaction","id":"cjm5k66em006g0999anliwy9m","fieldName":"event"},{"_typeName":"Event","id":"cjlpmdx3q003r0918lw2knja2","fieldName":"donations"}],[{"_typeName":"Transaction","id":"cjm5k67s1006n0999wm5clpvr","fieldName":"event"},{"_typeName":"Event","id":"cjlpmdx3q003r0918lw2knja2","fieldName":"donations"}],[{"_typeName":"Transaction","id":"cjm5k7hkq007a0999pse510pu","fieldName":"event"},{"_typeName":"Event","id":"cjlpmdx3q003r0918lw2knja2","fieldName":"donations"}],[{"_typeName":"Transaction","id":"cjm5lttkj008r0999c3ckv4qr","fieldName":"event"},{"_typeName":"Event","id":"cjlpmdx3q003r0918lw2knja2","fieldName":"donations"}],[{"_typeName":"Transaction","id":"cjm7leywk008j0905nqrwe3wt","fieldName":"event"},{"_typeName":"Event","id":"cjlpmdx3r003t0918p6lw851b","fieldName":"donations"}],[{"_typeName":"Transaction","id":"cjm7omcgx008v0905k8yjd1s3","fieldName":"event"},{"_typeName":"Event","id":"cjlpmdx3r003t0918p6lw851b","fieldName":"donations"}],[{"_typeName":"Transaction","id":"cjm7omh6z009709055lty3c5h","fieldName":"event"},{"_typeName":"Event","id":"cjlpmdx3r003t0918p6lw851b","fieldName":"donations"}],[{"_typeName":"Transaction","id":"cjm7onq1500ab0905afxlce5s","fieldName":"event"},{"_typeName":"Event","id":"cjlpmdx3r003t0918p6lw851b","fieldName":"donations"}],[{"_typeName":"Transaction","id":"cjm7onv6g00an0905ki0npo71","fieldName":"event"},{"_typeName":"Event","id":"cjlpmdx3r003t0918p6lw851b","fieldName":"donations"}],[{"_typeName":"Transaction","id":"cjm87kfu4003609253e33mt7v","fieldName":"event"},{"_typeName":"Event","id":"cjlpmdx3r003t0918p6lw851b","fieldName":"donations"}],[{"_typeName":"Transaction","id":"cjm87of7l003m0925ypky5l00","fieldName":"event"},{"_typeName":"Event","id":"cjlpmdx3r003t0918p6lw851b","fieldName":"donations"}],[{"_typeName":"Transaction","id":"cjm9e11uq004z0925ekh8nu1k","fieldName":"event"},{"_typeName":"Event","id":"cjlpmdx3r003t0918p6lw851b","fieldName":"donations"}],[{"_typeName":"Transaction","id":"cjm9fn4x8000p0909eqx6pwz2","fieldName":"event"},{"_typeName":"Event","id":"cjlpmdx3r003t0918p6lw851b","fieldName":"donations"}],[{"_typeName":"Transaction","id":"cjm9qunth001509092k3csomi","fieldName":"event"},{"_typeName":"Event","id":"cjlpmdx3r003t0918p6lw851b","fieldName":"donations"}],[{"_typeName":"Transaction","id":"cjm9rmuo5001r0909pln85fur","fieldName":"event"},{"_typeName":"Event","id":"cjlpmdx3r003t0918p6lw851b","fieldName":"donations"}],[{"_typeName":"Transaction","id":"cjm9w51tp002p0909uo8i9f7s","fieldName":"event"},{"_typeName":"Event","id":"cjlpmdx3r003t0918p6lw851b","fieldName":"donations"}],[{"_typeName":"Transaction","id":"cjmb9hygf000t09394uoxbnyf","fieldName":"event"},{"_typeName":"Event","id":"cjlpmdx3r003t0918p6lw851b","fieldName":"donations"}],[{"_typeName":"Transaction","id":"cjmb9nl4d001k0939mgpo755a","fieldName":"event"},{"_typeName":"Event","id":"cjlpmdx3r003t0918p6lw851b","fieldName":"donations"}],[{"_typeName":"Transaction","id":"cjmbadu0u001z0939drx9fcbc","fieldName":"event"},{"_typeName":"Event","id":"cjlpmdx3r003t0918p6lw851b","fieldName":"donations"}],[{"_typeName":"Transaction","id":"cjmbcapiv003c0939k1pqj8lc","fieldName":"event"},{"_typeName":"Event","id":"cjlpmdx3r003t0918p6lw851b","fieldName":"donations"}],[{"_typeName":"Transaction","id":"cjmclda4z000b0964vz3f8fu4","fieldName":"event"},{"_typeName":"Event","id":"cjlpmdx3r003t0918p6lw851b","fieldName":"donations"}],[{"_typeName":"Transaction","id":"cjmdpfszh001909641i92ion2","fieldName":"event"},{"_typeName":"Event","id":"cjlpmdx3r003t0918p6lw851b","fieldName":"donations"}],[{"_typeName":"Transaction","id":"cjmdu35ur000i0906jigwennb","fieldName":"event"},{"_typeName":"Event","id":"cjlpmdx3r003t0918p6lw851b","fieldName":"donations"}],[{"_typeName":"Transaction","id":"cjme2it5x00170906ri05jery","fieldName":"event"},{"_typeName":"Event","id":"cjlpmdx3r003t0918p6lw851b","fieldName":"donations"}],[{"_typeName":"Transaction","id":"cjme2knle001o0906mctx0jwy","fieldName":"event"},{"_typeName":"Event","id":"cjlpmdx3r003t0918p6lw851b","fieldName":"donations"}],[{"_typeName":"Transaction","id":"cjme5gji9002e0906f189ogpf","fieldName":"event"},{"_typeName":"Event","id":"cjlpmdx3r003t0918p6lw851b","fieldName":"donations"}],[{"_typeName":"Transaction","id":"cjme5pt2b002s09061rbx1y16","fieldName":"event"},{"_typeName":"Event","id":"cjlpmdx3r003t0918p6lw851b","fieldName":"donations"}],[{"_typeName":"Transaction","id":"cjme6k0pw003a0906kxk1x76j","fieldName":"event"},{"_typeName":"Event","id":"cjlpmdx3r003t0918p6lw851b","fieldName":"donations"}],[{"_typeName":"Transaction","id":"cjmf5mysj004m0906cotp9eu3","fieldName":"event"},{"_typeName":"Event","id":"cjlpmdx3r003t0918p6lw851b","fieldName":"donations"}],[{"_typeName":"Transaction","id":"cjmf607xq00580906ozbra8w5","fieldName":"event"},{"_typeName":"Event","id":"cjlpmdx3r003t0918p6lw851b","fieldName":"donations"}],[{"_typeName":"Transaction","id":"cjmfcy64b001a0979tdgovuog","fieldName":"event"},{"_typeName":"Event","id":"cjlpmdx3r003t0918p6lw851b","fieldName":"donations"}],[{"_typeName":"Transaction","id":"cjmfk07ej002909792ngznp87","fieldName":"event"},{"_typeName":"Event","id":"cjlpmdx3r003t0918p6lw851b","fieldName":"donations"}],[{"_typeName":"Transaction","id":"cjmfkqx5s003q09799ill9pi7","fieldName":"event"},{"_typeName":"Event","id":"cjlpmdx3r003t0918p6lw851b","fieldName":"donations"}],[{"_typeName":"Transaction","id":"cjmga7tfy005y09792rljxgz1","fieldName":"event"},{"_typeName":"Event","id":"cjlpmdx3r003t0918p6lw851b","fieldName":"donations"}],[{"_typeName":"Transaction","id":"cjmga8prj006a0979yghsesjy","fieldName":"event"},{"_typeName":"Event","id":"cjlpmdx3r003t0918p6lw851b","fieldName":"donations"}],[{"_typeName":"Transaction","id":"cjmgcv8mp007h0979h7sv2puy","fieldName":"event"},{"_typeName":"Event","id":"cjlpmdx3r003t0918p6lw851b","fieldName":"donations"}],[{"_typeName":"Transaction","id":"cjmgcykxv008c0979jhj2kq0k","fieldName":"event"},{"_typeName":"Event","id":"cjlpmdx3r003t0918p6lw851b","fieldName":"donations"}],[{"_typeName":"Transaction","id":"cjmgszl0k001f0964j6db15ry","fieldName":"event"},{"_typeName":"Event","id":"cjlpmdx3r003t0918p6lw851b","fieldName":"donations"}],[{"_typeName":"Transaction","id":"cjmgyvh5u003c0964s7dhljmt","fieldName":"event"},{"_typeName":"Event","id":"cjlpmdx3r003v0918nydx4ikz","fieldName":"donations"}],[{"_typeName":"Transaction","id":"cjmgyxzgr003z096495laobec","fieldName":"event"},{"_typeName":"Event","id":"cjlpmdx3r003v0918nydx4ikz","fieldName":"donations"}],[{"_typeName":"Transaction","id":"cjmh1pw5u004m0964g3gm5r66","fieldName":"event"},{"_typeName":"Event","id":"cjlpmdx3r003v0918nydx4ikz","fieldName":"donations"}],[{"_typeName":"Transaction","id":"cjmh1q5mx00520964fuu0xyin","fieldName":"event"},{"_typeName":"Event","id":"cjlpmdx3r003v0918nydx4ikz","fieldName":"donations"}],[{"_typeName":"Transaction","id":"cjmh1snvs005h0964ig1bbk9t","fieldName":"event"},{"_typeName":"Event","id":"cjlpmdx3r003v0918nydx4ikz","fieldName":"donations"}],[{"_typeName":"Transaction","id":"cjmh1sx25005t0964axn1gglh","fieldName":"event"},{"_typeName":"Event","id":"cjlpmdx3r003v0918nydx4ikz","fieldName":"donations"}],[{"_typeName":"Transaction","id":"cjmhv32nw007s0964osjq8op2","fieldName":"event"},{"_typeName":"Event","id":"cjlpmdx3r003v0918nydx4ikz","fieldName":"donations"}],[{"_typeName":"Transaction","id":"cjmjx3p6600180975v1mb6fhb","fieldName":"event"},{"_typeName":"Event","id":"cjlpmdx3r003v0918nydx4ikz","fieldName":"donations"}],[{"_typeName":"Transaction","id":"cjmjx572y001q0975e73aihbr","fieldName":"event"},{"_typeName":"Event","id":"cjlpmdx3r003v0918nydx4ikz","fieldName":"donations"}],[{"_typeName":"Transaction","id":"cjmksnhp4003f0975iyiq3nza","fieldName":"event"},{"_typeName":"Event","id":"cjlpmdx3r003v0918nydx4ikz","fieldName":"donations"}],[{"_typeName":"Transaction","id":"cjmm523kz000s0932u6ejx7q0","fieldName":"event"},{"_typeName":"Event","id":"cjlpmdx3r003v0918nydx4ikz","fieldName":"donations"}],[{"_typeName":"Transaction","id":"cjmnhcj54001i09540nhb633y","fieldName":"event"},{"_typeName":"Event","id":"cjlpmdx3r003v0918nydx4ikz","fieldName":"donations"}],[{"_typeName":"Transaction","id":"cjmphl5n3001l0969uzo6nfiv","fieldName":"event"},{"_typeName":"Event","id":"cjlpmdx3r003v0918nydx4ikz","fieldName":"donations"}],[{"_typeName":"Transaction","id":"cjmqbv544002d09693zafg0yq","fieldName":"event"},{"_typeName":"Event","id":"cjlpmdx3r003v0918nydx4ikz","fieldName":"donations"}],[{"_typeName":"Transaction","id":"cjmqt51dv002x0969xn3l9jp6","fieldName":"event"},{"_typeName":"Event","id":"cjlpmdx3r003v0918nydx4ikz","fieldName":"donations"}],[{"_typeName":"Transaction","id":"cjms9vyn700150906zh69c7o8","fieldName":"event"},{"_typeName":"Event","id":"cjlpmdx3r003v0918nydx4ikz","fieldName":"donations"}],[{"_typeName":"Transaction","id":"cjmufvg2d000u0918u3fubp7v","fieldName":"event"},{"_typeName":"Event","id":"cjlpmdx3r003v0918nydx4ikz","fieldName":"donations"}],[{"_typeName":"Transaction","id":"cjmvcv7u6001w0995367936nj","fieldName":"event"},{"_typeName":"Event","id":"cjlpmdx3r003v0918nydx4ikz","fieldName":"donations"}],[{"_typeName":"Transaction","id":"cjmz3k579000d09254xyq9a7t","fieldName":"event"},{"_typeName":"Event","id":"cjlpmdx3r003v0918nydx4ikz","fieldName":"donations"}],[{"_typeName":"Transaction","id":"cjmz4byxo000u0925xv2p03zw","fieldName":"event"},{"_typeName":"Event","id":"cjlpmdx3r003v0918nydx4ikz","fieldName":"donations"}],[{"_typeName":"Transaction","id":"cjmzjp9hh001o0925iewf5u3a","fieldName":"event"},{"_typeName":"Event","id":"cjlpmdx3r003v0918nydx4ikz","fieldName":"donations"}],[{"_typeName":"Transaction","id":"cjmzjqukm002h09259oqllrfs","fieldName":"event"},{"_typeName":"Event","id":"cjlpmdx3r003v0918nydx4ikz","fieldName":"donations"}],[{"_typeName":"Transaction","id":"cjmzjr0pr002t0925u2yfpbc7","fieldName":"event"},{"_typeName":"Event","id":"cjlpmdx3r003v0918nydx4ikz","fieldName":"donations"}],[{"_typeName":"Transaction","id":"cjmzjr72m003509251kyx6mdc","fieldName":"event"},{"_typeName":"Event","id":"cjlpmdx3r003v0918nydx4ikz","fieldName":"donations"}],[{"_typeName":"Transaction","id":"cjmzjrd42003h0925oie6ofqv","fieldName":"event"},{"_typeName":"Event","id":"cjlpmdx3r003v0918nydx4ikz","fieldName":"donations"}],[{"_typeName":"Transaction","id":"cjmzjrink003t09256aho6gfd","fieldName":"event"},{"_typeName":"Event","id":"cjlpmdx3r003v0918nydx4ikz","fieldName":"donations"}],[{"_typeName":"Transaction","id":"cjn0lg72c001209270mhci2f2","fieldName":"event"},{"_typeName":"Event","id":"cjlpmdx3r003v0918nydx4ikz","fieldName":"donations"}],[{"_typeName":"Transaction","id":"cjn19aqcc001v0901bxudmn7o","fieldName":"event"},{"_typeName":"Event","id":"cjmkogjgl002d0975jfkwmh85","fieldName":"donations"}],[{"_typeName":"Transaction","id":"cjn3ou6i5000s09363j6h9opt","fieldName":"event"},{"_typeName":"Event","id":"cjmkogjgl002d0975jfkwmh85","fieldName":"donations"}],[{"_typeName":"Transaction","id":"cjn3v0ci9001c0936g167lm8l","fieldName":"event"},{"_typeName":"Event","id":"cjmkogjgl002d0975jfkwmh85","fieldName":"donations"}],[{"_typeName":"Transaction","id":"cjn48ir9c000b0958zzckf7o9","fieldName":"event"},{"_typeName":"Event","id":"cjmkogjgl002d0975jfkwmh85","fieldName":"donations"}],[{"_typeName":"Transaction","id":"cjn4lm13n000z0958ikd88e71","fieldName":"event"},{"_typeName":"Event","id":"cjmkogjgl002d0975jfkwmh85","fieldName":"donations"}],[{"_typeName":"Transaction","id":"cjn5at7ig001o0958pzd6tagp","fieldName":"event"},{"_typeName":"Event","id":"cjmkogjgl002d0975jfkwmh85","fieldName":"donations"}],[{"_typeName":"Transaction","id":"cjn5atd3j002009580ulqlani","fieldName":"event"},{"_typeName":"Event","id":"cjmkogjgl002d0975jfkwmh85","fieldName":"donations"}],[{"_typeName":"Transaction","id":"cjn5atjmd002c0958qucx6m4q","fieldName":"event"},{"_typeName":"Event","id":"cjmkogjgl002d0975jfkwmh85","fieldName":"donations"}],[{"_typeName":"Transaction","id":"cjn5atxc90034095810uj4hs5","fieldName":"event"},{"_typeName":"Event","id":"cjmkogjgl002d0975jfkwmh85","fieldName":"donations"}],[{"_typeName":"Transaction","id":"cjn5au1w6003g0958r7fnu8qw","fieldName":"event"},{"_typeName":"Event","id":"cjmkogjgl002d0975jfkwmh85","fieldName":"donations"}],[{"_typeName":"Transaction","id":"cjn5au6eb003s09583h4zd2of","fieldName":"event"},{"_typeName":"Event","id":"cjmkogjgl002d0975jfkwmh85","fieldName":"donations"}],[{"_typeName":"Transaction","id":"cjn5aul8d004s0958rx9v95vv","fieldName":"event"},{"_typeName":"Event","id":"cjmkogjgl002d0975jfkwmh85","fieldName":"donations"}],[{"_typeName":"Transaction","id":"cjn5atowa002o0958xw1fae0i","fieldName":"event"},{"_typeName":"Event","id":"cjmkogjgl002d0975jfkwmh85","fieldName":"donations"}],[{"_typeName":"Transaction","id":"cjn5auc0i00440958honwi28q","fieldName":"event"},{"_typeName":"Event","id":"cjmkogjgl002d0975jfkwmh85","fieldName":"donations"}],[{"_typeName":"Transaction","id":"cjn5aufxa004g0958oraywqu8","fieldName":"event"},{"_typeName":"Event","id":"cjmkogjgl002d0975jfkwmh85","fieldName":"donations"}],[{"_typeName":"Transaction","id":"cjn5aus9i005809588m34jqzp","fieldName":"event"},{"_typeName":"Event","id":"cjmkogjgl002d0975jfkwmh85","fieldName":"donations"}],[{"_typeName":"Transaction","id":"cjn5auxnm005k0958bgq4ft55","fieldName":"event"},{"_typeName":"Event","id":"cjmkogjgl002d0975jfkwmh85","fieldName":"donations"}],[{"_typeName":"Transaction","id":"cjn5av1wu005w0958bn64houh","fieldName":"event"},{"_typeName":"Event","id":"cjmkogjgl002d0975jfkwmh85","fieldName":"donations"}],[{"_typeName":"Transaction","id":"cjn5av5zc00680958r3opm083","fieldName":"event"},{"_typeName":"Event","id":"cjmkogjgl002d0975jfkwmh85","fieldName":"donations"}],[{"_typeName":"Transaction","id":"cjn5ava4r006k0958hq3iaf41","fieldName":"event"},{"_typeName":"Event","id":"cjmkogjgl002d0975jfkwmh85","fieldName":"donations"}],[{"_typeName":"Transaction","id":"cjn5aveab006w0958i5r1vvz9","fieldName":"event"},{"_typeName":"Event","id":"cjmkogjgl002d0975jfkwmh85","fieldName":"donations"}],[{"_typeName":"Transaction","id":"cjn5avjq200780958naxq9gfq","fieldName":"event"},{"_typeName":"Event","id":"cjmkogjgl002d0975jfkwmh85","fieldName":"donations"}],[{"_typeName":"Transaction","id":"cjn5avo6b007k0958nf7lmy9y","fieldName":"event"},{"_typeName":"Event","id":"cjmkogjgl002d0975jfkwmh85","fieldName":"donations"}],[{"_typeName":"Transaction","id":"cjn90w1kt000f09643jnj5o4i","fieldName":"event"},{"_typeName":"Event","id":"cjmkogjgl002d0975jfkwmh85","fieldName":"donations"}],[{"_typeName":"Transaction","id":"cjn90w7vm000r0964zwo6pmry","fieldName":"event"},{"_typeName":"Event","id":"cjmkogjgl002d0975jfkwmh85","fieldName":"donations"}],[{"_typeName":"Transaction","id":"cjn90wcym00130964bhzz42jc","fieldName":"event"},{"_typeName":"Event","id":"cjmkogjgl002d0975jfkwmh85","fieldName":"donations"}],[{"_typeName":"Transaction","id":"cjn90whsg001f0964d34k7t6p","fieldName":"event"},{"_typeName":"Event","id":"cjmkogjgl002d0975jfkwmh85","fieldName":"donations"}],[{"_typeName":"Transaction","id":"cjn90wmj4001r09642y7cv2kf","fieldName":"event"},{"_typeName":"Event","id":"cjmkogjgl002d0975jfkwmh85","fieldName":"donations"}],[{"_typeName":"Transaction","id":"cjn90wrdw00230964wvkkqh8s","fieldName":"event"},{"_typeName":"Event","id":"cjmkogjgl002d0975jfkwmh85","fieldName":"donations"}],[{"_typeName":"Transaction","id":"cjn90ww10002f09642f16pn3m","fieldName":"event"},{"_typeName":"Event","id":"cjmkogjgl002d0975jfkwmh85","fieldName":"donations"}],[{"_typeName":"Transaction","id":"cjn90x271002r096409tc1ibh","fieldName":"event"},{"_typeName":"Event","id":"cjmkogjgl002d0975jfkwmh85","fieldName":"donations"}],[{"_typeName":"Transaction","id":"cjn90x6tr003309644o5gxr66","fieldName":"event"},{"_typeName":"Event","id":"cjmkogjgl002d0975jfkwmh85","fieldName":"donations"}],[{"_typeName":"Transaction","id":"cjn90xb31003f0964vlf2ff2q","fieldName":"event"},{"_typeName":"Event","id":"cjmkogjgl002d0975jfkwmh85","fieldName":"donations"}],[{"_typeName":"Transaction","id":"cjn90xggl003r0964sprwk1bz","fieldName":"event"},{"_typeName":"Event","id":"cjmkogjgl002d0975jfkwmh85","fieldName":"donations"}],[{"_typeName":"Transaction","id":"cjnamt27a00130901v2x5w4yu","fieldName":"event"},{"_typeName":"Event","id":"cjmkogjgl002d0975jfkwmh85","fieldName":"donations"}],[{"_typeName":"Transaction","id":"cjni28vxs001u09531z5b0sbn","fieldName":"event"},{"_typeName":"Event","id":"cjmkogjgl002d0975jfkwmh85","fieldName":"donations"}],[{"_typeName":"Transaction","id":"cjni6f9fa002w0953uikmqrzd","fieldName":"event"},{"_typeName":"Event","id":"cjmkogjgl002d0975jfkwmh85","fieldName":"donations"}],[{"_typeName":"Transaction","id":"cjniwdtc6000e0972u8bh0emy","fieldName":"event"},{"_typeName":"Event","id":"cjmkogjgl002d0975jfkwmh85","fieldName":"donations"}],[{"_typeName":"Transaction","id":"cjniwdyfw000q0972ef7nhky0","fieldName":"event"},{"_typeName":"Event","id":"cjmkogjgl002d0975jfkwmh85","fieldName":"donations"}],[{"_typeName":"Transaction","id":"cjniwe3tz00150972k5lu88o2","fieldName":"event"},{"_typeName":"Event","id":"cjmkogjgl002d0975jfkwmh85","fieldName":"donations"}],[{"_typeName":"Transaction","id":"cjniwe7wa001h0972vpx2fi5o","fieldName":"event"},{"_typeName":"Event","id":"cjmkogjgl002d0975jfkwmh85","fieldName":"donations"}],[{"_typeName":"Transaction","id":"cjniwebmg001t0972qe15rysl","fieldName":"event"},{"_typeName":"Event","id":"cjmkogjgl002d0975jfkwmh85","fieldName":"donations"}],[{"_typeName":"Transaction","id":"cjniwef8x00230972rw2ggyyj","fieldName":"event"},{"_typeName":"Event","id":"cjmkogjgl002d0975jfkwmh85","fieldName":"donations"}],[{"_typeName":"Transaction","id":"cjniwej4i002h09727w7vqz26","fieldName":"event"},{"_typeName":"Event","id":"cjmkogjgl002d0975jfkwmh85","fieldName":"donations"}],[{"_typeName":"Transaction","id":"cjniwen3e002q0972syybfce2","fieldName":"event"},{"_typeName":"Event","id":"cjmkogjgl002d0975jfkwmh85","fieldName":"donations"}],[{"_typeName":"Transaction","id":"cjniwes7t003509722y7dyst2","fieldName":"event"},{"_typeName":"Event","id":"cjmkogjgl002d0975jfkwmh85","fieldName":"donations"}],[{"_typeName":"Transaction","id":"cjniwewes003e09723bv006dq","fieldName":"event"},{"_typeName":"Event","id":"cjmkogjgl002d0975jfkwmh85","fieldName":"donations"}],[{"_typeName":"Transaction","id":"cjniwf0l1003t0972aqk8jr97","fieldName":"event"},{"_typeName":"Event","id":"cjmkogjgl002d0975jfkwmh85","fieldName":"donations"}],[{"_typeName":"Transaction","id":"cjniwf4h7004209724n721y2r","fieldName":"event"},{"_typeName":"Event","id":"cjmkogjgl002d0975jfkwmh85","fieldName":"donations"}],[{"_typeName":"Transaction","id":"cjniwf8tr004e0972lqiryciv","fieldName":"event"},{"_typeName":"Event","id":"cjmkogjgl002d0975jfkwmh85","fieldName":"donations"}],[{"_typeName":"Transaction","id":"cjniwfe0i004q0972jnk1kk4f","fieldName":"event"},{"_typeName":"Event","id":"cjmkogjgl002d0975jfkwmh85","fieldName":"donations"}],[{"_typeName":"Transaction","id":"cjniwfiv4005209721pl34v8k","fieldName":"event"},{"_typeName":"Event","id":"cjmkogjgl002d0975jfkwmh85","fieldName":"donations"}],[{"_typeName":"Transaction","id":"cjniwfnn7005e0972n9nlalph","fieldName":"event"},{"_typeName":"Event","id":"cjmkogjgl002d0975jfkwmh85","fieldName":"donations"}],[{"_typeName":"Transaction","id":"cjniwfw8a005q0972gi8f3b0k","fieldName":"event"},{"_typeName":"Event","id":"cjmkogjgl002d0975jfkwmh85","fieldName":"donations"}],[{"_typeName":"Transaction","id":"cjniwg4sr00620972j3pfobnq","fieldName":"event"},{"_typeName":"Event","id":"cjmkogjgl002d0975jfkwmh85","fieldName":"donations"}],[{"_typeName":"Transaction","id":"cjnjb2kk1007k0972pco1mi3l","fieldName":"event"},{"_typeName":"Event","id":"cjmkogjgl002d0975jfkwmh85","fieldName":"donations"}],[{"_typeName":"Transaction","id":"cjnjb46rq00810972nch5r0n8","fieldName":"event"},{"_typeName":"Event","id":"cjmkogjgl002d0975jfkwmh85","fieldName":"donations"}],[{"_typeName":"Transaction","id":"cjnjb4bkc008d09728oqcu922","fieldName":"event"},{"_typeName":"Event","id":"cjmkogjgl002d0975jfkwmh85","fieldName":"donations"}],[{"_typeName":"Transaction","id":"cjnks3om0000j0932g5usjxck","fieldName":"event"},{"_typeName":"Event","id":"cjmkogjgl002d0975jfkwmh85","fieldName":"donations"}],[{"_typeName":"Transaction","id":"cjnkw2v1w000x0932h5ulo7nv","fieldName":"event"},{"_typeName":"Event","id":"cjmkogjgl002d0975jfkwmh85","fieldName":"donations"}],[{"_typeName":"User","id":"cjln157kd000k09534otk97ya","fieldName":"preferences"},{"_typeName":"Preferences","id":"cjln157l8000m0953az4djxu7","fieldName":"user"}],[{"_typeName":"User","id":"cjln29teb000z0953pmx1qfw3","fieldName":"preferences"},{"_typeName":"Preferences","id":"cjln29tec001109532u5ushn3","fieldName":"user"}],[{"_typeName":"User","id":"cjlod2nu2001o0905ytqs67ww","fieldName":"preferences"},{"_typeName":"Preferences","id":"cjlod2nuw001q0905yhavbrbh","fieldName":"user"}],[{"_typeName":"User","id":"cjlvod3wx001m0964wqym48x8","fieldName":"preferences"},{"_typeName":"Preferences","id":"cjlvod47t001o09644h6xp78l","fieldName":"user"}],[{"_typeName":"User","id":"cjlvod9o200200964z36wt1t6","fieldName":"preferences"},{"_typeName":"Preferences","id":"cjlvod9o300220964jpk72s7h","fieldName":"user"}],[{"_typeName":"User","id":"cjlx9u7jk00050960glvdqa2a","fieldName":"preferences"},{"_typeName":"Preferences","id":"cjlx9u7ko000709602y4o32oh","fieldName":"user"}],[{"_typeName":"User","id":"cjlxnk4a9003y09602nyfrk65","fieldName":"preferences"},{"_typeName":"Preferences","id":"cjlxnk4aa00400960jzni2kn5","fieldName":"user"}],[{"_typeName":"User","id":"cjlxp5z87005q0960me2r4mga","fieldName":"preferences"},{"_typeName":"Preferences","id":"cjlxp5z88005s0960o7sw8e6t","fieldName":"user"}],[{"_typeName":"User","id":"cjlxpc7q0006y0960j7rfgml7","fieldName":"preferences"},{"_typeName":"Preferences","id":"cjlxpc7q1007009606mnm4qvw","fieldName":"user"}],[{"_typeName":"User","id":"cjlxpemzl008a0960jhqo7cdr","fieldName":"preferences"},{"_typeName":"Preferences","id":"cjlxpemzm008c0960g81skl8l","fieldName":"user"}],[{"_typeName":"User","id":"cjlxpts4500e409609axbtovx","fieldName":"preferences"},{"_typeName":"Preferences","id":"cjlxpts4500e60960aerfu3f6","fieldName":"user"}],[{"_typeName":"User","id":"cjlxq63ef00fg0960zvh1sfa7","fieldName":"preferences"},{"_typeName":"Preferences","id":"cjlxq63eg00fi0960bkn8be1y","fieldName":"user"}],[{"_typeName":"User","id":"cjlxqtejn00hh09604m2ntai3","fieldName":"preferences"},{"_typeName":"Preferences","id":"cjlxqtejo00hj0960jynkkei3","fieldName":"user"}],[{"_typeName":"User","id":"cjlxudkke00lu09604zdua14x","fieldName":"preferences"},{"_typeName":"Preferences","id":"cjlxudkke00lw0960ge0jn9wz","fieldName":"user"}],[{"_typeName":"User","id":"cjlxufckc00md09602wfgnp3v","fieldName":"preferences"},{"_typeName":"Preferences","id":"cjlxufckc00mf0960syqiojyo","fieldName":"user"}],[{"_typeName":"User","id":"cjlxw6tq300qs0960yraq2vjs","fieldName":"preferences"},{"_typeName":"Preferences","id":"cjlxw6tq400qu09606b530vr0","fieldName":"user"}],[{"_typeName":"User","id":"cjlxz3t9u00tc09605y5dpd7r","fieldName":"preferences"},{"_typeName":"Preferences","id":"cjlxz3t9v00te0960rcfeu769","fieldName":"user"}],[{"_typeName":"User","id":"cjly0babf00u00960e6i4a1wh","fieldName":"preferences"},{"_typeName":"Preferences","id":"cjly0babf00u20960t1bsjhzr","fieldName":"user"}],[{"_typeName":"User","id":"cjly2tu5200vr096002aff8w8","fieldName":"preferences"},{"_typeName":"Preferences","id":"cjly2tu5300vt0960jpcbz931","fieldName":"user"}],[{"_typeName":"User","id":"cjlycippb004b0933uijx6kbz","fieldName":"preferences"},{"_typeName":"Preferences","id":"cjlyciprm004e0933x5plt80b","fieldName":"user"}],[{"_typeName":"User","id":"cjlydqaq9005d0933we3si0s0","fieldName":"preferences"},{"_typeName":"Preferences","id":"cjlydqard005g093357urc77h","fieldName":"user"}],[{"_typeName":"User","id":"cjlydqxco005s0933e1vdcepy","fieldName":"preferences"},{"_typeName":"Preferences","id":"cjlydqxd7005v0933f7toejxi","fieldName":"user"}],[{"_typeName":"User","id":"cjlyglskc008s0933qatg7285","fieldName":"preferences"},{"_typeName":"Preferences","id":"cjlyglskx008v09331xyrwku7","fieldName":"user"}],[{"_typeName":"User","id":"cjlzsbkas002s0958mwkpuruf","fieldName":"preferences"},{"_typeName":"Preferences","id":"cjlzsbkav002u0958uq851fv6","fieldName":"user"}],[{"_typeName":"User","id":"cjm2gbs87001w0944fatrhv4g","fieldName":"preferences"},{"_typeName":"Preferences","id":"cjm2gbs8a001y09442xd0sgm8","fieldName":"user"}],[{"_typeName":"User","id":"cjm45r4z1002j0973ibhjm28h","fieldName":"preferences"},{"_typeName":"Preferences","id":"cjm45r4z3002l09734kc0grrf","fieldName":"user"}],[{"_typeName":"User","id":"cjm5loaqe007t0999y5p1l4me","fieldName":"preferences"},{"_typeName":"Preferences","id":"cjm5loaqg007v09992uev7zmq","fieldName":"user"}],[{"_typeName":"User","id":"cjmgcsva3006q09790r4qrx44","fieldName":"preferences"},{"_typeName":"Preferences","id":"cjmgcsvad006s09795avt7b68","fieldName":"user"}],[{"_typeName":"User","id":"cjmgn1cy400060964sxtbvlbg","fieldName":"preferences"},{"_typeName":"Preferences","id":"cjmgn1d4p00080964te02k15o","fieldName":"user"}],[{"_typeName":"User","id":"cjmutonpq00140918vbmc76m9","fieldName":"preferences"},{"_typeName":"Preferences","id":"cjmutonps00160918vhr4enue","fieldName":"user"}],[{"_typeName":"User","id":"cjmutr4tv002d0918p8qymqlu","fieldName":"preferences"},{"_typeName":"Preferences","id":"cjmutr4tw002f09186vdhfujp","fieldName":"user"}],[{"_typeName":"User","id":"cjn1vt4gb002n0901i6d77wm8","fieldName":"preferences"},{"_typeName":"Preferences","id":"cjn1vt4gh002p0901tlkrxf45","fieldName":"user"}],[{"_typeName":"User","id":"cjneuqif2000p09417tco43a2","fieldName":"preferences"},{"_typeName":"Preferences","id":"cjneuqii1000r09411qnl5eta","fieldName":"user"}],[{"_typeName":"User","id":"cjni25xhv00140953uty28kxa","fieldName":"preferences"},{"_typeName":"Preferences","id":"cjni25xov00160953lweh2s05","fieldName":"user"}],[{"_typeName":"User","id":"cjnn3lmeq00040942nyxhn218","fieldName":"preferences"},{"_typeName":"Preferences","id":"cjnn3lmg300060942gk94uqgr","fieldName":"user"}],[{"_typeName":"User","id":"cjln157kd000k09534otk97ya","fieldName":"identity"},{"_typeName":"Identity","id":"cjln157l2000l0953dkuaz49q","fieldName":"user"}],[{"_typeName":"User","id":"cjln29teb000z0953pmx1qfw3","fieldName":"identity"},{"_typeName":"Identity","id":"cjln29teb00100953935hpzoe","fieldName":"user"}],[{"_typeName":"User","id":"cjlod2nu2001o0905ytqs67ww","fieldName":"identity"},{"_typeName":"Identity","id":"cjlod2nur001p0905rwnzndb6","fieldName":"user"}],[{"_typeName":"User","id":"cjlvod3wx001m0964wqym48x8","fieldName":"identity"},{"_typeName":"Identity","id":"cjlvod453001n0964dds3hrh8","fieldName":"user"}],[{"_typeName":"User","id":"cjlvod9o200200964z36wt1t6","fieldName":"identity"},{"_typeName":"Identity","id":"cjlvod9o200210964chzxymp0","fieldName":"user"}],[{"_typeName":"User","id":"cjlx9u7jk00050960glvdqa2a","fieldName":"identity"},{"_typeName":"Identity","id":"cjlx9u7kg000609608sknu1px","fieldName":"user"}],[{"_typeName":"User","id":"cjlxnk4a9003y09602nyfrk65","fieldName":"identity"},{"_typeName":"Identity","id":"cjlxnk4a9003z0960htuftesy","fieldName":"user"}],[{"_typeName":"User","id":"cjlxp5z87005q0960me2r4mga","fieldName":"identity"},{"_typeName":"Identity","id":"cjlxp5z88005r09609mldoasn","fieldName":"user"}],[{"_typeName":"User","id":"cjlxpc7q0006y0960j7rfgml7","fieldName":"identity"},{"_typeName":"Identity","id":"cjlxpc7q0006z0960bv8t2vfa","fieldName":"user"}],[{"_typeName":"User","id":"cjlxpemzl008a0960jhqo7cdr","fieldName":"identity"},{"_typeName":"Identity","id":"cjlxpemzm008b09606f7t3usv","fieldName":"user"}],[{"_typeName":"User","id":"cjlxpts4500e409609axbtovx","fieldName":"identity"},{"_typeName":"Identity","id":"cjlxpts4500e509604fdwj68d","fieldName":"user"}],[{"_typeName":"User","id":"cjlxq63ef00fg0960zvh1sfa7","fieldName":"identity"},{"_typeName":"Identity","id":"cjlxq63ef00fh0960mpt98hdd","fieldName":"user"}],[{"_typeName":"User","id":"cjlxqtejn00hh09604m2ntai3","fieldName":"identity"},{"_typeName":"Identity","id":"cjlxqtejo00hi0960aei9e7ra","fieldName":"user"}],[{"_typeName":"User","id":"cjlxudkke00lu09604zdua14x","fieldName":"identity"},{"_typeName":"Identity","id":"cjlxudkke00lv09606gf1a8cc","fieldName":"user"}],[{"_typeName":"User","id":"cjlxufckc00md09602wfgnp3v","fieldName":"identity"},{"_typeName":"Identity","id":"cjlxufckc00me0960fgemvo99","fieldName":"user"}],[{"_typeName":"User","id":"cjlxw6tq300qs0960yraq2vjs","fieldName":"identity"},{"_typeName":"Identity","id":"cjlxw6tq400qt0960bkq6pl2n","fieldName":"user"}],[{"_typeName":"User","id":"cjlxz3t9u00tc09605y5dpd7r","fieldName":"identity"},{"_typeName":"Identity","id":"cjlxz3t9v00td09605a7d7kdr","fieldName":"user"}],[{"_typeName":"User","id":"cjly0babf00u00960e6i4a1wh","fieldName":"identity"},{"_typeName":"Identity","id":"cjly0babf00u10960lbgd18zh","fieldName":"user"}],[{"_typeName":"User","id":"cjly2tu5200vr096002aff8w8","fieldName":"identity"},{"_typeName":"Identity","id":"cjly2tu5300vs0960vl3rziu5","fieldName":"user"}],[{"_typeName":"User","id":"cjlycippb004b0933uijx6kbz","fieldName":"identity"},{"_typeName":"Identity","id":"cjlycipqu004c0933d04jpyn1","fieldName":"user"}],[{"_typeName":"User","id":"cjlydqaq9005d0933we3si0s0","fieldName":"identity"},{"_typeName":"Identity","id":"cjlydqar6005e0933uztn52q5","fieldName":"user"}],[{"_typeName":"User","id":"cjlydqxco005s0933e1vdcepy","fieldName":"identity"},{"_typeName":"Identity","id":"cjlydqxcy005t0933xdaaq204","fieldName":"user"}],[{"_typeName":"User","id":"cjlyglskc008s0933qatg7285","fieldName":"identity"},{"_typeName":"Identity","id":"cjlyglskq008t0933aa14im8w","fieldName":"user"}],[{"_typeName":"User","id":"cjlzsbkas002s0958mwkpuruf","fieldName":"identity"},{"_typeName":"Identity","id":"cjlzsbkau002t0958gbl43mv9","fieldName":"user"}],[{"_typeName":"User","id":"cjm2gbs87001w0944fatrhv4g","fieldName":"identity"},{"_typeName":"Identity","id":"cjm2gbs89001x0944tpq79z9a","fieldName":"user"}],[{"_typeName":"User","id":"cjm45r4z1002j0973ibhjm28h","fieldName":"identity"},{"_typeName":"Identity","id":"cjm45r4z2002k0973ign7udf2","fieldName":"user"}],[{"_typeName":"User","id":"cjm5loaqe007t0999y5p1l4me","fieldName":"identity"},{"_typeName":"Identity","id":"cjm5loaqf007u09999p6nf459","fieldName":"user"}],[{"_typeName":"User","id":"cjmgcsva3006q09790r4qrx44","fieldName":"identity"},{"_typeName":"Identity","id":"cjmgcsva4006r0979ny4pi0n0","fieldName":"user"}],[{"_typeName":"User","id":"cjmgn1cy400060964sxtbvlbg","fieldName":"identity"},{"_typeName":"Identity","id":"cjmgn1d3w00070964vovml5qz","fieldName":"user"}],[{"_typeName":"User","id":"cjmutonpq00140918vbmc76m9","fieldName":"identity"},{"_typeName":"Identity","id":"cjmutonps00150918x7hh3jui","fieldName":"user"}],[{"_typeName":"User","id":"cjmutr4tv002d0918p8qymqlu","fieldName":"identity"},{"_typeName":"Identity","id":"cjmutr4tw002e0918o4mrkk1h","fieldName":"user"}],[{"_typeName":"User","id":"cjn1vt4gb002n0901i6d77wm8","fieldName":"identity"},{"_typeName":"Identity","id":"cjn1vt4gg002o0901zlje15it","fieldName":"user"}],[{"_typeName":"User","id":"cjneuqif2000p09417tco43a2","fieldName":"identity"},{"_typeName":"Identity","id":"cjneuqihq000q0941ubuhxddb","fieldName":"user"}],[{"_typeName":"User","id":"cjni25xhv00140953uty28kxa","fieldName":"identity"},{"_typeName":"Identity","id":"cjni25xoa00150953obqf1d4j","fieldName":"user"}],[{"_typeName":"User","id":"cjnn3lmeq00040942nyxhn218","fieldName":"identity"},{"_typeName":"Identity","id":"cjnn3lmfw00050942ivta206m","fieldName":"user"}]]}