{"valueType":"nodes","values":[{"_typeName":"User","id":"cjln157kd000k09534otk97ya","createdAt":"2018-09-04T01:23:11.732Z","email":"michael.jones@phenominal.fund","nameFirst":"Michael","nameLast":"Jones","securityToken":10480172,"updatedAt":"2018-09-04T01:23:11.732Z"},{"_typeName":"User","id":"cjln29teb000z0953pmx1qfw3","createdAt":"2018-09-04T01:54:46.175Z","email":"yeakeljosh@gmail.com","nameFirst":"Josh","nameLast":"Yeakel","securityToken":81685434,"updatedAt":"2018-09-04T02:29:03.635Z"},{"_typeName":"User","id":"cjlod2nu2001o0905ytqs67ww","createdAt":"2018-09-04T23:44:54.408Z","email":"michael.jones@phenominal.fund","nameFirst":"Michael","nameLast":"Jones","securityToken":96582556,"updatedAt":"2018-09-12T12:43:55.076Z"},{"_typeName":"User","id":"cjlvod3wx001m0964wqym48x8","createdAt":"2018-09-10T02:35:21.973Z","email":"deadlynighthawk99@gmail.com","nameFirst":"Michael","nameLast":"Jones","securityToken":82296257,"updatedAt":"2018-09-10T02:35:23.409Z"},{"_typeName":"User","id":"cjlvod9o200200964z36wt1t6","createdAt":"2018-09-10T02:35:28.185Z","email":"jonesmichael3.1415@gmail.com","nameFirst":"Michael","nameLast":"Jones","securityToken":80334941,"updatedAt":"2018-09-10T02:35:29.675Z"},{"_typeName":"User","id":"cjlx9u7jk00050960glvdqa2a","createdAt":"2018-09-11T05:24:16.818Z","email":"stoltzej@clarkson.edu","nameFirst":"Erich","nameLast":"Stoltzfus","securityToken":45397562,"updatedAt":"2018-09-11T05:24:19.991Z"},{"_typeName":"User","id":"cjlxnk4a9003y09602nyfrk65","createdAt":"2018-09-11T11:48:20.535Z","email":"nlj24@cornell.edu","nameFirst":"Nate","nameLast":"Jones","securityToken":87549092,"updatedAt":"2018-09-11T11:48:33.978Z"},{"_typeName":"User","id":"cjlxp5z87005q0960me2r4mga","createdAt":"2018-09-11T12:33:20.027Z","email":"hallie.baucher@gmail.com","nameFirst":"Hallie","nameLast":"Baucher","securityToken":39396219,"updatedAt":"2018-09-11T12:33:23.117Z"},{"_typeName":"User","id":"cjlxpc7q0006y0960j7rfgml7","createdAt":"2018-09-11T12:38:10.974Z","email":"heatherjones1919@gmail.com","nameFirst":"Heather","nameLast":"Jones","securityToken":68025699,"updatedAt":"2018-09-11T12:38:13.539Z"},{"_typeName":"User","id":"cjlxpemzl008a0960jhqo7cdr","createdAt":"2018-09-11T12:40:04.069Z","email":"midnight2095@gmail.com","nameFirst":"Mark","nameLast":"Jones","securityToken":81283465,"updatedAt":"2018-09-11T12:40:07.417Z"},{"_typeName":"User","id":"cjlxpts4500e409609axbtovx","createdAt":"2018-09-11T12:51:50.553Z","email":"summerecess2017@gmail.com","nameFirst":"Beth","nameLast":"Jones","securityToken":22106590,"updatedAt":"2018-09-11T12:51:54.640Z"},{"_typeName":"User","id":"cjlxq63ef00fg0960zvh1sfa7","createdAt":"2018-09-11T13:01:25.051Z","email":"jonesjenny1990@gmail.com","nameFirst":"Jenny","nameLast":"Jones","securityToken":86312102,"updatedAt":"2018-09-11T13:01:28.031Z"},{"_typeName":"User","id":"cjlxqtejn00hh09604m2ntai3","createdAt":"2018-09-11T13:19:32.586Z","email":"rebcook20@gmail.com","nameFirst":"Rebekah","nameLast":"Cook","securityToken":22798776,"updatedAt":"2018-09-11T13:19:35.088Z"},{"_typeName":"User","id":"cjlxudkke00lu09604zdua14x","createdAt":"2018-09-11T14:59:12.353Z","email":"nicholsrisa@gmail.com","nameFirst":"Risa","nameLast":"Nichols","securityToken":98290440,"updatedAt":"2018-09-11T14:59:16.335Z"},{"_typeName":"User","id":"cjlxufckc00md09602wfgnp3v","createdAt":"2018-09-11T15:00:35.296Z","email":"sirotin.lina@gmail.com","nameFirst":"Lina","nameLast":"Sirotin","securityToken":60848548,"updatedAt":"2018-09-11T15:00:37.778Z"},{"_typeName":"User","id":"cjlxw6tq300qs0960yraq2vjs","createdAt":"2018-09-11T15:49:56.864Z","email":"brockwrd@clarkson.edu","nameFirst":"Robert","nameLast":"Brockway","securityToken":34075596,"updatedAt":"2018-09-11T15:50:00.350Z"},{"_typeName":"User","id":"cjlxz3t9u00tc09605y5dpd7r","createdAt":"2018-09-11T17:11:35.165Z","email":"hrz3364@g.rit.edu","nameFirst":"Hassaan","nameLast":"Zainul","securityToken":13109851,"updatedAt":"2018-09-11T17:11:37.765Z"},{"_typeName":"User","id":"cjly0babf00u00960e6i4a1wh","createdAt":"2018-09-11T17:45:23.455Z","email":"doradoarredondo.marco@gmail.com","nameFirst":"Marco","nameLast":"Dorado","securityToken":28019363,"updatedAt":"2018-09-11T17:45:25.850Z"},{"_typeName":"User","id":"cjly2tu5200vr096002aff8w8","createdAt":"2018-09-11T18:55:48.186Z","email":"krciocci@gmail.com","nameFirst":"Kendra","nameLast":"Ciocci","securityToken":64643060,"updatedAt":"2018-09-11T18:55:50.311Z"},{"_typeName":"User","id":"cjlycippb004b0933uijx6kbz","createdAt":"2018-09-11T23:27:05.376Z","email":"kelsey.r.warthen@gmail.com","nameFirst":"Kelsey","nameLast":"Warthen","securityToken":12697193,"updatedAt":"2018-09-11T23:27:10.218Z"},{"_typeName":"User","id":"cjlydqaq9005d0933we3si0s0","createdAt":"2018-09-12T00:00:58.838Z","email":"nichols.joe@yahoo.com","nameFirst":"Joseph","nameLast":"Nichols","securityToken":20782547,"updatedAt":"2018-09-12T00:01:01.901Z"},{"_typeName":"User","id":"cjlydqxco005s0933e1vdcepy","createdAt":"2018-09-12T00:01:28.153Z","email":"sandybatrowny@gmail.com","nameFirst":"Sandy","nameLast":"Batrowny","securityToken":35341272,"updatedAt":"2018-09-12T00:01:33.516Z"},{"_typeName":"User","id":"cjlyglskc008s0933qatg7285","createdAt":"2018-09-12T01:21:27.517Z","email":"dsteere4@gmail.com","nameFirst":"D","nameLast":"Steere","securityToken":24150143,"updatedAt":"2018-09-12T01:21:31.244Z"},{"_typeName":"User","id":"cjlzsbkas002s0958mwkpuruf","createdAt":"2018-09-12T23:37:11.855Z","email":"deadlynighthawk99@gmail.com","nameFirst":"Michael","nameLast":"Jones","securityToken":38809370,"updatedAt":"2018-09-12T23:37:11.899Z"},{"_typeName":"User","id":"cjm2gbs87001w0944fatrhv4g","createdAt":"2018-09-14T20:24:45.250Z","email":"jonesmichael3.1415@gmail.com","nameFirst":"Michael","nameLast":"Jones","securityToken":88940260,"updatedAt":"2018-09-14T20:24:47.486Z"},{"_typeName":"User","id":"cjm45r4z1002j0973ibhjm28h","createdAt":"2018-09-16T01:04:18.196Z","email":"sea57@cornell.edu","nameFirst":"Steven","nameLast":"Amanullah","securityToken":61740382,"updatedAt":"2018-09-16T01:04:18.196Z"},{"_typeName":"User","id":"cjm5loaqe007t0999y5p1l4me","createdAt":"2018-09-17T01:17:45.709Z","email":"sea57@cornell.edu","nameFirst":"Steven","nameLast":"Amanullah","securityToken":50010991,"updatedAt":"2018-09-17T01:17:50.156Z"},{"_typeName":"User","id":"cjmgcsva3006q09790r4qrx44","createdAt":"2018-09-24T13:54:50.364Z","email":"amol.patil8187@gmail.com","nameFirst":"Amol","nameLast":"Patil","securityToken":64926516,"updatedAt":"2018-09-24T13:54:53.839Z"},{"_typeName":"User","id":"cjmgn1cy400060964sxtbvlbg","createdAt":"2018-09-24T18:41:23.293Z","email":"anthford@gmail.com","nameFirst":"Anthony","nameLast":"Ford","securityToken":60601299,"updatedAt":"2018-09-24T18:41:26.828Z"},{"_typeName":"User","id":"cjmutonpq00140918vbmc76m9","createdAt":"2018-10-04T16:56:13.848Z","email":"stoltzej@clarkson.edu","nameFirst":"Erich","nameLast":"Stoltzfus","securityToken":24634250,"updatedAt":"2018-10-04T16:57:47.732Z"},{"_typeName":"User","id":"cjmutr4tv002d0918p8qymqlu","createdAt":"2018-10-04T16:58:09.336Z","email":"stoltzej@clarkson.edu","nameFirst":"Erich","nameLast":"Stoltzfus","securityToken":62385261,"updatedAt":"2018-10-04T16:58:22.302Z"},{"_typeName":"User","id":"cjn1vt4gb002n0901i6d77wm8","createdAt":"2018-10-09T15:30:04.637Z","email":"jdnied00@gmail.com","nameFirst":"Joey","nameLast":"Nied","securityToken":26599310,"updatedAt":"2018-10-09T15:30:11.580Z"},{"_typeName":"User","id":"cjneuqif2000p09417tco43a2","createdAt":"2018-10-18T17:21:04.229Z","email":"darian2486@gmail.com","nameFirst":"Darian","nameLast":"Hodzic","securityToken":73472781,"updatedAt":"2018-10-18T17:21:06.994Z"},{"_typeName":"User","id":"cjni25xhv00140953uty28kxa","createdAt":"2018-10-20T23:12:19.227Z","email":"midnight2095@gmail.com","nameFirst":"Jeff","nameLast":"Jones","securityToken":71319093,"updatedAt":"2018-10-20T23:12:19.234Z"},{"_typeName":"User","id":"cjnn3lmeq00040942nyxhn218","createdAt":"2018-10-24T11:51:21.476Z","email":"amysusanbush@gmail.com","nameFirst":"Amy","nameLast":"Bush","securityToken":68769179,"updatedAt":"2018-10-24T11:51:27.881Z"},{"_typeName":"Identity","id":"cjln157l2000l0953dkuaz49q","createdAt":"2018-09-04T01:23:11.746Z","provider":"FACEBOOK","providerID":"108178006780821","updatedAt":"2018-09-04T01:23:11.746Z"},{"_typeName":"Identity","id":"cjln29teb00100953935hpzoe","createdAt":"2018-09-04T01:54:46.192Z","provider":"GOOGLE","providerID":"112021495633340286285","updatedAt":"2018-09-04T01:54:46.192Z"},{"_typeName":"Identity","id":"cjlod2nur001p0905rwnzndb6","createdAt":"2018-09-04T23:44:54.419Z","provider":"GOOGLE","providerID":"111027693394405844340","updatedAt":"2018-09-04T23:44:54.419Z"},{"_typeName":"Identity","id":"cjlvod453001n0964dds3hrh8","createdAt":"2018-09-10T02:35:22.026Z","provider":"GOOGLE","providerID":"103954955551479206713","updatedAt":"2018-09-10T02:35:22.026Z"},{"_typeName":"Identity","id":"cjlvod9o200210964chzxymp0","createdAt":"2018-09-10T02:35:28.194Z","provider":"GOOGLE","providerID":"105029424048757291377","updatedAt":"2018-09-10T02:35:28.194Z"},{"_typeName":"Identity","id":"cjlx9u7kg000609608sknu1px","createdAt":"2018-09-11T05:24:16.839Z","provider":"GOOGLE","providerID":"106122380234897899015","updatedAt":"2018-09-11T05:24:16.840Z"},{"_typeName":"Identity","id":"cjlxnk4a9003z0960htuftesy","createdAt":"2018-09-11T11:48:20.540Z","provider":"GOOGLE","providerID":"103721881566353422547","updatedAt":"2018-09-11T11:48:20.541Z"},{"_typeName":"Identity","id":"cjlxp5z88005r09609mldoasn","createdAt":"2018-09-11T12:33:20.031Z","provider":"GOOGLE","providerID":"109994468885883321180","updatedAt":"2018-09-11T12:33:20.032Z"},{"_typeName":"Identity","id":"cjlxpc7q0006z0960bv8t2vfa","createdAt":"2018-09-11T12:38:10.979Z","provider":"GOOGLE","providerID":"110193485691532422495","updatedAt":"2018-09-11T12:38:10.979Z"},{"_typeName":"Identity","id":"cjlxpemzm008b09606f7t3usv","createdAt":"2018-09-11T12:40:04.079Z","provider":"GOOGLE","providerID":"106713848948614861313","updatedAt":"2018-09-11T12:40:04.079Z"},{"_typeName":"Identity","id":"cjlxpts4500e509604fdwj68d","createdAt":"2018-09-11T12:51:50.558Z","provider":"GOOGLE","providerID":"117307942032321043650","updatedAt":"2018-09-11T12:51:50.558Z"},{"_typeName":"Identity","id":"cjlxq63ef00fh0960mpt98hdd","createdAt":"2018-09-11T13:01:25.055Z","provider":"GOOGLE","providerID":"117602415868661647060","updatedAt":"2018-09-11T13:01:25.055Z"},{"_typeName":"Identity","id":"cjlxqtejo00hi0960aei9e7ra","createdAt":"2018-09-11T13:19:32.590Z","provider":"GOOGLE","providerID":"114902500405220959618","updatedAt":"2018-09-11T13:19:32.590Z"},{"_typeName":"Identity","id":"cjlxudkke00lv09606gf1a8cc","createdAt":"2018-09-11T14:59:12.358Z","provider":"GOOGLE","providerID":"112239563520231453773","updatedAt":"2018-09-11T14:59:12.358Z"},{"_typeName":"Identity","id":"cjlxufckc00me0960fgemvo99","createdAt":"2018-09-11T15:00:35.301Z","provider":"GOOGLE","providerID":"107908793715370597839","updatedAt":"2018-09-11T15:00:35.301Z"},{"_typeName":"Identity","id":"cjlxw6tq400qt0960bkq6pl2n","createdAt":"2018-09-11T15:49:56.870Z","provider":"GOOGLE","providerID":"100985868004851581421","updatedAt":"2018-09-11T15:49:56.871Z"},{"_typeName":"Identity","id":"cjlxz3t9v00td09605a7d7kdr","createdAt":"2018-09-11T17:11:35.172Z","provider":"GOOGLE","providerID":"113170738289488161150","updatedAt":"2018-09-11T17:11:35.172Z"},{"_typeName":"Identity","id":"cjly0babf00u10960lbgd18zh","createdAt":"2018-09-11T17:45:23.463Z","provider":"GOOGLE","providerID":"108778006695716413486","updatedAt":"2018-09-11T17:45:23.463Z"},{"_typeName":"Identity","id":"cjly2tu5300vs0960vl3rziu5","createdAt":"2018-09-11T18:55:48.190Z","provider":"GOOGLE","providerID":"103089668482568283749","updatedAt":"2018-09-11T18:55:48.190Z"},{"_typeName":"Identity","id":"cjlycipqu004c0933d04jpyn1","createdAt":"2018-09-11T23:27:05.439Z","provider":"GOOGLE","providerID":"109593324224458501929","updatedAt":"2018-09-11T23:27:05.439Z"},{"_typeName":"Identity","id":"cjlydqar6005e0933uztn52q5","createdAt":"2018-09-12T00:00:58.867Z","provider":"FACEBOOK","providerID":"534261973684697","updatedAt":"2018-09-12T00:00:58.867Z"},{"_typeName":"Identity","id":"cjlydqxcy005t0933xdaaq204","createdAt":"2018-09-12T00:01:28.163Z","provider":"GOOGLE","providerID":"110258149262753526191","updatedAt":"2018-09-12T00:01:28.163Z"},{"_typeName":"Identity","id":"cjlyglskq008t0933aa14im8w","createdAt":"2018-09-12T01:21:27.531Z","provider":"GOOGLE","providerID":"113226193906142701547","updatedAt":"2018-09-12T01:21:27.531Z"},{"_typeName":"Identity","id":"cjlzsbkau002t0958gbl43mv9","createdAt":"2018-09-12T23:37:11.943Z","provider":"FACEBOOK","providerID":"10212989355228922","updatedAt":"2018-09-12T23:37:11.943Z"},{"_typeName":"Identity","id":"cjm2gbs89001x0944tpq79z9a","createdAt":"2018-09-14T20:24:45.266Z","provider":"FACEBOOK","providerID":"482109685627643","updatedAt":"2018-09-14T20:24:45.266Z"},{"_typeName":"Identity","id":"cjm45r4z2002k0973ign7udf2","createdAt":"2018-09-16T01:04:18.204Z","provider":"GOOGLE","providerID":"106402412511793533399","updatedAt":"2018-09-16T01:04:18.205Z"},{"_typeName":"Identity","id":"cjm5loaqf007u09999p6nf459","createdAt":"2018-09-17T01:17:45.729Z","provider":"FACEBOOK","providerID":"10155518311066441","updatedAt":"2018-09-17T01:17:45.729Z"},{"_typeName":"Identity","id":"cjmgcsva4006r0979ny4pi0n0","createdAt":"2018-09-24T13:54:50.396Z","provider":"GOOGLE","providerID":"108744766905031496164","updatedAt":"2018-09-24T13:54:50.397Z"},{"_typeName":"Identity","id":"cjmgn1d3w00070964vovml5qz","createdAt":"2018-09-24T18:41:23.433Z","provider":"GOOGLE","providerID":"113776030246960688940","updatedAt":"2018-09-24T18:41:23.434Z"},{"_typeName":"Identity","id":"cjmutonps00150918x7hh3jui","createdAt":"2018-10-04T16:56:13.857Z","provider":"GOOGLE","providerID":"101968049747156738149","updatedAt":"2018-10-04T16:56:13.857Z"},{"_typeName":"Identity","id":"cjmutr4tw002e0918o4mrkk1h","createdAt":"2018-10-04T16:58:09.339Z","provider":"FACEBOOK","providerID":"1270916643050664","updatedAt":"2018-10-04T16:58:09.339Z"},{"_typeName":"Identity","id":"cjn1vt4gg002o0901zlje15it","createdAt":"2018-10-09T15:30:04.665Z","provider":"GOOGLE","providerID":"106265059079373625574","updatedAt":"2018-10-09T15:30:04.665Z"},{"_typeName":"Identity","id":"cjneuqihq000q0941ubuhxddb","createdAt":"2018-10-18T17:21:04.305Z","provider":"GOOGLE","providerID":"115938629787680614309","updatedAt":"2018-10-18T17:21:04.305Z"},{"_typeName":"Identity","id":"cjni25xoa00150953obqf1d4j","createdAt":"2018-10-20T23:12:19.338Z","provider":"FACEBOOK","providerID":"478000126028676","updatedAt":"2018-10-20T23:12:19.338Z"},{"_typeName":"Identity","id":"cjnn3lmfw00050942ivta206m","createdAt":"2018-10-24T11:51:21.521Z","provider":"GOOGLE","providerID":"113514610127733554593","updatedAt":"2018-10-24T11:51:21.521Z"},{"_typeName":"Preferences","id":"cjln157l8000m0953az4djxu7","allowDonationEmails":true,"createdAt":"2018-09-04T01:23:11.759Z","updatedAt":"2018-09-04T01:23:11.759Z"},{"_typeName":"Preferences","id":"cjln29tec001109532u5ushn3","allowDonationEmails":false,"createdAt":"2018-09-04T01:54:46.215Z","updatedAt":"2018-10-21T01:13:02.559Z"},{"_typeName":"Preferences","id":"cjlod2nuw001q0905yhavbrbh","allowDonationEmails":false,"createdAt":"2018-09-04T23:44:54.428Z","updatedAt":"2018-10-21T13:20:14.665Z"},{"_typeName":"Preferences","id":"cjlvod47t001o09644h6xp78l","allowDonationEmails":true,"createdAt":"2018-09-10T02:35:22.048Z","updatedAt":"2018-09-10T02:35:22.048Z"},{"_typeName":"Preferences","id":"cjlvod9o300220964jpk72s7h","allowDonationEmails":true,"createdAt":"2018-09-10T02:35:28.201Z","updatedAt":"2018-09-10T02:35:28.201Z"},{"_typeName":"Preferences","id":"cjlx9u7ko000709602y4o32oh","allowDonationEmails":true,"createdAt":"2018-09-11T05:24:16.867Z","updatedAt":"2018-09-11T05:24:16.868Z"},{"_typeName":"Preferences","id":"cjlxnk4aa00400960jzni2kn5","allowDonationEmails":true,"createdAt":"2018-09-11T11:48:20.645Z","updatedAt":"2018-09-11T11:48:20.645Z"},{"_typeName":"Preferences","id":"cjlxp5z88005s0960o7sw8e6t","allowDonationEmails":true,"createdAt":"2018-09-11T12:33:20.038Z","updatedAt":"2018-09-11T12:33:20.038Z"},{"_typeName":"Preferences","id":"cjlxpc7q1007009606mnm4qvw","allowDonationEmails":true,"createdAt":"2018-09-11T12:38:10.988Z","updatedAt":"2018-09-11T12:38:10.988Z"},{"_typeName":"Preferences","id":"cjlxpemzm008c0960g81skl8l","allowDonationEmails":true,"createdAt":"2018-09-11T12:40:04.086Z","updatedAt":"2018-09-11T12:40:04.086Z"},{"_typeName":"Preferences","id":"cjlxpts4500e60960aerfu3f6","allowDonationEmails":true,"createdAt":"2018-09-11T12:51:50.568Z","updatedAt":"2018-09-11T12:51:50.568Z"},{"_typeName":"Preferences","id":"cjlxq63eg00fi0960bkn8be1y","allowDonationEmails":true,"createdAt":"2018-09-11T13:01:25.060Z","updatedAt":"2018-09-11T13:01:25.060Z"},{"_typeName":"Preferences","id":"cjlxqtejo00hj0960jynkkei3","allowDonationEmails":true,"createdAt":"2018-09-11T13:19:32.597Z","updatedAt":"2018-09-11T13:19:32.597Z"},{"_typeName":"Preferences","id":"cjlxudkke00lw0960ge0jn9wz","allowDonationEmails":true,"createdAt":"2018-09-11T14:59:12.371Z","updatedAt":"2018-09-11T14:59:12.371Z"},{"_typeName":"Preferences","id":"cjlxufckc00mf0960syqiojyo","allowDonationEmails":true,"createdAt":"2018-09-11T15:00:35.307Z","updatedAt":"2018-09-11T15:00:35.307Z"},{"_typeName":"Preferences","id":"cjlxw6tq400qu09606b530vr0","allowDonationEmails":true,"createdAt":"2018-09-11T15:49:56.879Z","updatedAt":"2018-09-11T15:49:56.879Z"},{"_typeName":"Preferences","id":"cjlxz3t9v00te0960rcfeu769","allowDonationEmails":true,"createdAt":"2018-09-11T17:11:35.179Z","updatedAt":"2018-09-11T17:11:35.179Z"},{"_typeName":"Preferences","id":"cjly0babf00u20960t1bsjhzr","allowDonationEmails":true,"createdAt":"2018-09-11T17:45:23.474Z","updatedAt":"2018-09-11T17:45:23.474Z"},{"_typeName":"Preferences","id":"cjly2tu5300vt0960jpcbz931","allowDonationEmails":true,"createdAt":"2018-09-11T18:55:48.197Z","updatedAt":"2018-09-11T18:55:48.197Z"},{"_typeName":"Preferences","id":"cjlyciprm004e0933x5plt80b","allowDonationEmails":true,"createdAt":"2018-09-11T23:27:05.460Z","updatedAt":"2018-09-11T23:27:05.460Z"},{"_typeName":"Preferences","id":"cjlydqard005g093357urc77h","allowDonationEmails":true,"createdAt":"2018-09-12T00:00:58.874Z","updatedAt":"2018-09-12T00:00:58.874Z"},{"_typeName":"Preferences","id":"cjlydqxd7005v0933f7toejxi","allowDonationEmails":true,"createdAt":"2018-09-12T00:01:28.178Z","updatedAt":"2018-09-12T00:01:28.178Z"},{"_typeName":"Preferences","id":"cjlyglskx008v09331xyrwku7","allowDonationEmails":true,"createdAt":"2018-09-12T01:21:27.537Z","updatedAt":"2018-09-12T01:21:27.537Z"},{"_typeName":"Preferences","id":"cjlzsbkav002u0958uq851fv6","allowDonationEmails":true,"createdAt":"2018-09-12T23:37:11.993Z","updatedAt":"2018-09-12T23:37:11.993Z"},{"_typeName":"Preferences","id":"cjm2gbs8a001y09442xd0sgm8","allowDonationEmails":true,"createdAt":"2018-09-14T20:24:45.284Z","updatedAt":"2018-09-14T20:24:45.284Z"},{"_typeName":"Preferences","id":"cjm45r4z3002l09734kc0grrf","allowDonationEmails":true,"createdAt":"2018-09-16T01:04:18.220Z","updatedAt":"2018-09-16T01:04:18.220Z"},{"_typeName":"Preferences","id":"cjm5loaqg007v09992uev7zmq","allowDonationEmails":true,"createdAt":"2018-09-17T01:17:45.755Z","updatedAt":"2018-09-17T01:17:45.755Z"},{"_typeName":"Preferences","id":"cjmgcsvad006s09795avt7b68","allowDonationEmails":true,"createdAt":"2018-09-24T13:54:50.441Z","updatedAt":"2018-09-24T13:54:50.441Z"},{"_typeName":"Preferences","id":"cjmgn1d4p00080964te02k15o","allowDonationEmails":true,"createdAt":"2018-09-24T18:41:23.564Z","updatedAt":"2018-09-24T18:41:23.564Z"},{"_typeName":"Preferences","id":"cjmutonps00160918vhr4enue","allowDonationEmails":true,"createdAt":"2018-10-04T16:56:13.869Z","updatedAt":"2018-10-04T16:56:13.869Z"},{"_typeName":"Preferences","id":"cjmutr4tw002f09186vdhfujp","allowDonationEmails":true,"createdAt":"2018-10-04T16:58:09.344Z","updatedAt":"2018-10-04T16:58:09.344Z"},{"_typeName":"Preferences","id":"cjn1vt4gh002p0901tlkrxf45","allowDonationEmails":true,"createdAt":"2018-10-09T15:30:04.691Z","updatedAt":"2018-10-09T15:30:04.692Z"},{"_typeName":"Preferences","id":"cjneuqii1000r09411qnl5eta","allowDonationEmails":true,"createdAt":"2018-10-18T17:21:04.320Z","updatedAt":"2018-10-18T17:21:04.320Z"},{"_typeName":"Preferences","id":"cjni25xov00160953lweh2s05","allowDonationEmails":true,"createdAt":"2018-10-20T23:12:19.381Z","updatedAt":"2018-10-20T23:12:19.381Z"},{"_typeName":"Preferences","id":"cjnn3lmg300060942gk94uqgr","allowDonationEmails":true,"createdAt":"2018-10-24T11:51:21.537Z","updatedAt":"2018-10-24T11:51:21.537Z"},{"_typeName":"Charity","id":"cjlohfmjt003c090528judo8p","acronym":"ARC","bannerCredit":"American Refugee Committee","createdAt":"2018-09-05T01:46:57.649Z","ein":"36-3241033","expensesAdministrative":7.7,"expensesFundraising":2.2,"expensesOther":0,"expensesProgram":90.1,"expensesUpdated":"09/18","location":"Minneapolis, MN 55413","mission":"ARC works with its partners and constituencies to provide opportunities and expertise to refugees, displaced people and host communities. We help people survive conflict and crisis and rebuild lives of dignity, health, security and self-sufficiency. ARC is committed to the delivery of programs that ensure measurable quality and lasting impact for the people we serve.","name":"American Refugee Committee","phoneNumber":"(612)872-7060","updatedAt":"2018-09-26T00:15:50.964Z","website":"http://arcrelief.org/"},{"_typeName":"Charity","id":"cjlohfmjv003e09052xstly6f","bannerCredit":"Direct Relief","createdAt":"2018-09-05T01:46:57.648Z","ein":"95-1831116","expensesAdministrative":0.3,"expensesFundraising":0.1,"expensesOther":0.2,"expensesProgram":99.4,"expensesUpdated":"09/18","location":"Santa Barbara, CA 93117","mission":"Direct Relief is a humanitarian aid organization, active in all 50 states and more than 90 countries, with a mission to improve the health and lives of people affected by poverty or emergencies – without regard to politics, religion, or ability to pay.","name":"Direct Relief","phoneNumber":"(805)964-4767","updatedAt":"2018-09-26T00:15:50.962Z","website":"http://www.directrelief.org/"},{"_typeName":"Charity","id":"cjlohfmjw003g09050r835dcs","bannerCredit":"Roman Kraft","createdAt":"2018-09-05T01:46:57.655Z","ein":"52-2347446","expensesAdministrative":8.4,"expensesFundraising":12.7,"expensesOther":0,"expensesProgram":78.9,"expensesUpdated":"09/18","location":"New York, NY 10020","mission":"Tuesday’s Children provides a lifetime of healing for those who have been forever changed by terrorism and traumatic loss.\n\nThrough a time-tested, long-term approach, Tuesday’s Children programming serves and supports our nation’s military Families of the Fallen; builds resilience and common bonds in communities worldwide recovering from tragedies, while keeping the promise to support all those impacted by Tuesday, September 11th.","name":"Tuesday's Children","phoneNumber":"(516)562-9000","updatedAt":"2018-09-26T00:15:50.963Z","website":"https://www.tuesdayschildren.org/"},{"_typeName":"Charity","id":"cjmkodj3v002a0975sw2cay50","bannerCredit":"Pardo Y.","createdAt":"2018-09-27T14:29:54.838Z","ein":"23-2519029","expensesAdministrative":4.2,"expensesFundraising":3.3,"expensesOther":0,"expensesProgram":92.5,"expensesUpdated":"12/16","location":"Warrington, PA 18976","mission":"The Israel Guide Dog Center for the Blind is dedicated to improve the quality of life of visually impaired Israelis. We provide them with mobility, independence, self-confidence and companionship through the faithful assistance of guide dogs specially trained in Hebrew to meet Israel’s rigorous and challenging environment. Founded in 1991, the Israel Guide Dog Center serves Israel’s 24,000 blind and visually impaired citizens and is the only internationally accredited guide dog program in the country.","name":"Israel Guide Dog Center for the Blind","phoneNumber":"(215)343-9100","updatedAt":"2018-09-27T14:29:54.840Z","website":"https://israelguidedog.org/"},{"_typeName":"Charity","id":"cjnkwf2ea00160932ox55dehh","acronym":"AWA","createdAt":"2018-10-22T22:54:45.746Z","ein":"22-1752792","expensesAdministrative":4.3,"expensesFundraising":9,"expensesOther":0,"expensesProgram":86.8,"expensesUpdated":"06/17","location":"Voorhees, NJ 08043","mission":"Established in 1948, the Animal Welfare Association (AWA), provides shelter for orphaned animals, low-cost spay and neuter services, pet assisted therapy and humane education for the community. For more than fifty years, AWA has been committed to the prevention and eradication of animal suffering. Each year, more than 9,500 animals receive care through AWA programs. AWA provides care and shelter for orphaned animals with a capacity of 65 dogs and puppies, 150 cats and kittens, and 60 rabbits and small animals. AWA veterinary staff regularly performs more than 10,000 spay and neuter surgeries each year. During the school year, AWA presents humane education programs to school classrooms and youth groups throughout Camden, Gloucester, and Burlington Counties.","name":"Animal Welfare Association","phoneNumber":"(612)872-7060","updatedAt":"2018-10-22T22:57:50.160Z","website":"https://www.awanj.org/"},{"_typeName":"Event","id":"cjlpmdx3q003r0918lw2knja2","createdAt":"2018-09-05T20:53:22.268Z","endDate":"2018-09-18T00:00:00.000Z","goal":25000,"startDate":"2018-09-11T00:00:00.000Z","updatedAt":"2018-09-05T20:53:22.268Z"},{"_typeName":"Event","id":"cjlpmdx3r003t0918p6lw851b","createdAt":"2018-09-05T20:53:22.275Z","endDate":"2018-09-25T00:00:00.000Z","goal":20000,"multiplier":0,"startDate":"2018-09-18T00:00:00.000Z","updatedAt":"2018-09-30T23:01:26.585Z"},{"_typeName":"Event","id":"cjlpmdx3r003v0918nydx4ikz","createdAt":"2018-09-05T20:53:22.312Z","endDate":"2018-10-09T00:00:00.000Z","goal":20000,"multiplier":0,"startDate":"2018-09-25T00:00:00.000Z","updatedAt":"2018-09-30T23:16:53.073Z"},{"_typeName":"Event","id":"cjmkogjgl002d0975jfkwmh85","createdAt":"2018-09-27T14:32:15.240Z","endDate":"2018-10-23T00:00:00.000Z","goal":20000,"multiplier":0,"startDate":"2018-10-09T00:00:00.000Z","updatedAt":"2018-10-14T22:13:09.367Z"},{"_typeName":"Transaction","id":"cjlxm6j5y00190960rojxjx2x","amount":1000,"balance":941,"createdAt":"2018-09-11T11:09:47.079Z","stripeID":"ch_1D99kbF0S6xPuZyApHHmwyzl","type":"ADD_FUNDS","updatedAt":"2018-09-11T11:09:47.082Z"},{"_typeName":"Transaction","id":"cjlxm6v5u001m0960hmtlcki9","amount":25,"balance":916,"createdAt":"2018-09-11T11:10:02.566Z","type":"DONATION","updatedAt":"2018-09-11T11:10:02.567Z"},{"_typeName":"Transaction","id":"cjlxm75uj001y0960iytkux38","amount":5,"balance":911,"createdAt":"2018-09-11T11:10:16.416Z","type":"DONATION","updatedAt":"2018-09-11T11:10:16.416Z"},{"_typeName":"Transaction","id":"cjlxm7asf002a0960p2m6w2tl","amount":10,"balance":901,"createdAt":"2018-09-11T11:10:22.818Z","type":"DONATION","updatedAt":"2018-09-11T11:10:22.819Z"},{"_typeName":"Transaction","id":"cjlxm7fk6002m0960fi788b9c","amount":50,"balance":851,"createdAt":"2018-09-11T11:10:29.002Z","type":"DONATION","updatedAt":"2018-09-11T11:10:29.002Z"},{"_typeName":"Transaction","id":"cjlxm7jn7002y09607j9kqvda","amount":100,"balance":751,"createdAt":"2018-09-11T11:10:34.294Z","type":"DONATION","updatedAt":"2018-09-11T11:10:34.294Z"},{"_typeName":"Transaction","id":"cjlxnm44c004c0960w2nz136i","amount":1000,"balance":941,"createdAt":"2018-09-11T11:49:53.635Z","stripeID":"ch_1D9ANPF0S6xPuZyAzL8SFR5Z","type":"ADD_FUNDS","updatedAt":"2018-09-11T11:49:53.635Z"},{"_typeName":"Transaction","id":"cjlxnn71u004p09602rn6f2me","amount":100,"balance":841,"createdAt":"2018-09-11T11:50:44.085Z","type":"DONATION","updatedAt":"2018-09-11T11:50:44.085Z"},{"_typeName":"Transaction","id":"cjlxp8425006509604h4a4y4w","amount":1000,"balance":941,"createdAt":"2018-09-11T12:34:59.601Z","stripeID":"ch_1D9B53F0S6xPuZyAbvq1Q5nI","type":"ADD_FUNDS","updatedAt":"2018-09-11T12:34:59.602Z"},{"_typeName":"Transaction","id":"cjlxp9gos006l0960rnu8og1r","amount":941,"balance":0,"createdAt":"2018-09-11T12:36:02.624Z","type":"DONATION","updatedAt":"2018-09-11T12:36:02.624Z"},{"_typeName":"Transaction","id":"cjlxpdjca007c0960iaj1bbya","amount":10000,"balance":9680,"createdAt":"2018-09-11T12:39:12.686Z","stripeID":"ch_1D9B99F0S6xPuZyAb6AvhYnR","type":"ADD_FUNDS","updatedAt":"2018-09-11T12:39:12.686Z"},{"_typeName":"Transaction","id":"cjlxpea2k007p0960gq0ui3zr","amount":25,"balance":9655,"createdAt":"2018-09-11T12:39:47.328Z","type":"DONATION","updatedAt":"2018-09-11T12:39:47.328Z"},{"_typeName":"Transaction","id":"cjlxpelne00840960ckyjs1fm","amount":25,"balance":9630,"createdAt":"2018-09-11T12:40:02.334Z","type":"DONATION","updatedAt":"2018-09-11T12:40:02.334Z"},{"_typeName":"Transaction","id":"cjlxpewtd008x0960q04qc3mj","amount":25,"balance":9605,"createdAt":"2018-09-11T12:40:16.804Z","type":"DONATION","updatedAt":"2018-09-11T12:40:16.804Z"},{"_typeName":"Transaction","id":"cjlxpgi6s00940960m5tqmuu6","amount":1000,"balance":941,"createdAt":"2018-09-11T12:41:31.159Z","stripeID":"ch_1D9BBNF0S6xPuZyAL7uFvLDH","type":"ADD_FUNDS","updatedAt":"2018-09-11T12:41:31.159Z"},{"_typeName":"Transaction","id":"cjlxph456009f0960n0eyj6x8","amount":50,"balance":891,"createdAt":"2018-09-11T12:41:59.614Z","type":"DONATION","updatedAt":"2018-09-11T12:41:59.614Z"},{"_typeName":"Transaction","id":"cjlxpj2vu009r0960zgkoqd5b","amount":2000,"balance":7605,"createdAt":"2018-09-11T12:43:31.298Z","type":"DONATION","updatedAt":"2018-09-11T12:43:31.298Z"},{"_typeName":"Transaction","id":"cjlxpluo900a60960eln9r0i6","amount":75,"balance":816,"createdAt":"2018-09-11T12:45:40.621Z","type":"DONATION","updatedAt":"2018-09-11T12:45:40.621Z"},{"_typeName":"Transaction","id":"cjlxpmgnr00ak09609dyanl3r","amount":125,"balance":691,"createdAt":"2018-09-11T12:46:09.115Z","type":"DONATION","updatedAt":"2018-09-11T12:46:09.115Z"},{"_typeName":"Transaction","id":"cjlxpn21700aw0960vpz5u7gb","amount":25,"balance":666,"createdAt":"2018-09-11T12:46:36.815Z","type":"DONATION","updatedAt":"2018-09-11T12:46:36.815Z"},{"_typeName":"Transaction","id":"cjlxpnlbr00b90960x306pi77","amount":166,"balance":500,"createdAt":"2018-09-11T12:47:01.819Z","type":"DONATION","updatedAt":"2018-09-11T12:47:01.819Z"},{"_typeName":"Transaction","id":"cjlxpnz8o00bo0960u728ix0r","amount":100,"balance":400,"createdAt":"2018-09-11T12:47:19.852Z","type":"DONATION","updatedAt":"2018-09-11T12:47:19.852Z"},{"_typeName":"Transaction","id":"cjlxpoc0f00c20960gtq906kb","amount":200,"balance":200,"createdAt":"2018-09-11T12:47:36.402Z","type":"DONATION","updatedAt":"2018-09-11T12:47:36.403Z"},{"_typeName":"Transaction","id":"cjlxpop7100ch09605x52q93p","amount":100,"balance":100,"createdAt":"2018-09-11T12:47:53.489Z","type":"DONATION","updatedAt":"2018-09-11T12:47:53.489Z"},{"_typeName":"Transaction","id":"cjlxpp0x000cu0960hkkkcfcg","amount":25,"balance":75,"createdAt":"2018-09-11T12:48:08.690Z","type":"DONATION","updatedAt":"2018-09-11T12:48:08.690Z"},{"_typeName":"Transaction","id":"cjlxppezo00d60960fw0wijki","amount":25,"balance":50,"createdAt":"2018-09-11T12:48:26.919Z","type":"DONATION","updatedAt":"2018-09-11T12:48:26.919Z"},{"_typeName":"Transaction","id":"cjlxppubl00di09600uh3uhxc","amount":50,"balance":0,"createdAt":"2018-09-11T12:48:46.796Z","type":"DONATION","updatedAt":"2018-09-11T12:48:46.796Z"},{"_typeName":"Transaction","id":"cjlxpr58500dw0960oxtlqz5v","amount":100,"balance":7505,"createdAt":"2018-09-11T12:49:47.576Z","type":"DONATION","updatedAt":"2018-09-11T12:49:47.576Z"},{"_typeName":"Transaction","id":"cjlxpvktg00ej0960osqead7y","amount":100,"balance":67,"createdAt":"2018-09-11T12:53:14.407Z","stripeID":"ch_1D9BMiF0S6xPuZyAbN9ocuTM","type":"ADD_FUNDS","updatedAt":"2018-09-11T12:53:14.407Z"},{"_typeName":"Transaction","id":"cjlxpxp2k00ep0960m5br1aob","amount":5000,"balance":4892,"createdAt":"2018-09-11T12:54:53.232Z","stripeID":"ch_1D9BOJF0S6xPuZyAurViL7JX","type":"ADD_FUNDS","updatedAt":"2018-09-11T12:54:53.232Z"},{"_typeName":"Transaction","id":"cjlxpzufn00f20960kkcht1i1","amount":500,"balance":4392,"createdAt":"2018-09-11T12:56:33.494Z","type":"DONATION","updatedAt":"2018-09-11T12:56:33.495Z"},{"_typeName":"Transaction","id":"cjlxqbkvj00fv0960pc0tlyvz","amount":2500,"balance":2397,"createdAt":"2018-09-11T13:05:40.979Z","stripeID":"ch_1D9BYlF0S6xPuZyAuRJdSCXP","type":"ADD_FUNDS","updatedAt":"2018-09-11T13:05:40.979Z"},{"_typeName":"Transaction","id":"cjlxqgxom00gp0960px2zdp3a","amount":1000,"balance":3392,"createdAt":"2018-09-11T13:09:50.858Z","type":"DONATION","updatedAt":"2018-09-11T13:09:50.858Z"},{"_typeName":"Transaction","id":"cjlxre7sa00iv09602jh3lvbj","amount":500,"balance":455,"createdAt":"2018-09-11T13:35:43.597Z","stripeID":"ch_1D9C1pF0S6xPuZyAUhL1N0Jp","type":"ADD_FUNDS","updatedAt":"2018-09-11T13:35:43.597Z"},{"_typeName":"Transaction","id":"cjlxrf7ck00jc0960nkihzm5h","amount":100,"balance":355,"createdAt":"2018-09-11T13:36:29.690Z","type":"DONATION","updatedAt":"2018-09-11T13:36:29.690Z"},{"_typeName":"Transaction","id":"cjlxri2sz00jr09602rrkv7z1","amount":200,"balance":7305,"createdAt":"2018-09-11T13:38:43.767Z","type":"DONATION","updatedAt":"2018-09-11T13:38:43.767Z"},{"_typeName":"Transaction","id":"cjlxrlo8w00k20960gi87dhno","amount":1000,"balance":1397,"createdAt":"2018-09-11T13:41:31.524Z","type":"DONATION","updatedAt":"2018-09-11T13:41:31.524Z"},{"_typeName":"Transaction","id":"cjlxuh51n00mr0960hbqxqjr0","amount":2000,"balance":1912,"createdAt":"2018-09-11T15:01:58.866Z","stripeID":"ch_1D9DNJF0S6xPuZyAMzrRp1Sl","type":"ADD_FUNDS","updatedAt":"2018-09-11T15:01:58.866Z"},{"_typeName":"Transaction","id":"cjlxui7u400n80960h7r948pv","amount":100,"balance":1812,"createdAt":"2018-09-11T15:02:49.145Z","type":"DONATION","updatedAt":"2018-09-11T15:02:49.145Z"},{"_typeName":"Transaction","id":"cjlxvd51n00oc0960smax76m1","amount":500,"balance":455,"createdAt":"2018-09-11T15:26:51.853Z","stripeID":"ch_1D9DlNF0S6xPuZyAJAMTm3vu","type":"ADD_FUNDS","updatedAt":"2018-09-11T15:26:51.853Z"},{"_typeName":"Transaction","id":"cjlxvglbh00op0960mi2wi5s2","amount":455,"balance":0,"createdAt":"2018-09-11T15:29:32.912Z","type":"DONATION","updatedAt":"2018-09-11T15:29:32.912Z"},{"_typeName":"Transaction","id":"cjlxy5mdh00se0960067gtxxs","amount":150,"balance":3242,"createdAt":"2018-09-11T16:44:59.914Z","type":"DONATION","updatedAt":"2018-09-11T16:44:59.914Z"},{"_typeName":"Transaction","id":"cjly0cq1f00ue0960ma0vpb4a","amount":400,"balance":358,"createdAt":"2018-09-11T17:46:30.486Z","stripeID":"ch_1D9FwWF0S6xPuZyA5N7m5kHu","type":"ADD_FUNDS","updatedAt":"2018-09-11T17:46:30.486Z"},{"_typeName":"Transaction","id":"cjly0dc7d00us0960g2tp7crz","amount":358,"balance":0,"createdAt":"2018-09-11T17:46:59.215Z","type":"DONATION","updatedAt":"2018-09-11T17:46:59.216Z"},{"_typeName":"Transaction","id":"cjly2vff600w5096099zswjy1","amount":500,"balance":455,"createdAt":"2018-09-11T18:57:02.420Z","stripeID":"ch_1D9H2mF0S6xPuZyAxeTar60z","type":"ADD_FUNDS","updatedAt":"2018-09-11T18:57:02.420Z"},{"_typeName":"Transaction","id":"cjly2w6od00wi0960v4c2rszv","amount":400,"balance":55,"createdAt":"2018-09-11T18:57:37.750Z","type":"DONATION","updatedAt":"2018-09-11T18:57:37.750Z"},{"_typeName":"Transaction","id":"cjly3amah00x4096082al8tpl","amount":100,"balance":7205,"createdAt":"2018-09-11T19:08:51.165Z","type":"DONATION","updatedAt":"2018-09-11T19:08:51.165Z"},{"_typeName":"Transaction","id":"cjly5jbun00y8096036evbej5","amount":546,"balance":500,"createdAt":"2018-09-11T20:11:36.771Z","stripeID":"ch_1D9ICxF0S6xPuZyAIBwouDWw","type":"ADD_FUNDS","updatedAt":"2018-09-11T20:11:36.771Z"},{"_typeName":"Transaction","id":"cjly5kjc400yl0960cdk5lt2z","amount":500,"balance":0,"createdAt":"2018-09-11T20:12:33.126Z","type":"DONATION","updatedAt":"2018-09-11T20:12:33.126Z"},{"_typeName":"Transaction","id":"cjly638wi011309605dhbus62","amount":25,"balance":3217,"createdAt":"2018-09-11T20:27:06.069Z","type":"DONATION","updatedAt":"2018-09-11T20:27:06.069Z"},{"_typeName":"Transaction","id":"cjly86u7f000n0933wbg46egb","amount":1,"balance":940,"createdAt":"2018-09-11T21:25:53.109Z","type":"DONATION","updatedAt":"2018-09-11T21:25:53.109Z"},{"_typeName":"Transaction","id":"cjlydsjuj00690933p70mo4yq","amount":2000,"balance":1912,"createdAt":"2018-09-12T00:02:43.970Z","stripeID":"ch_1D9LobF0S6xPuZyAUVcNlQZq","type":"ADD_FUNDS","updatedAt":"2018-09-12T00:02:43.970Z"},{"_typeName":"Transaction","id":"cjlydum2v006h093382oj0bt1","amount":500,"balance":455,"createdAt":"2018-09-12T00:04:20.169Z","stripeID":"ch_1D9LqAF0S6xPuZyAV5AmgJCs","type":"ADD_FUNDS","updatedAt":"2018-09-12T00:04:20.169Z"},{"_typeName":"Transaction","id":"cjlydvwv6006u0933rykt92u5","amount":1000,"balance":941,"createdAt":"2018-09-12T00:05:20.804Z","stripeID":"ch_1D9Lr8F0S6xPuZyAijJ9Kute","type":"ADD_FUNDS","updatedAt":"2018-09-12T00:05:20.804Z"},{"_typeName":"Transaction","id":"cjlydw70l00730933q4u5v9ry","amount":1500,"balance":412,"createdAt":"2018-09-12T00:05:33.958Z","type":"DONATION","updatedAt":"2018-09-12T00:05:33.958Z"},{"_typeName":"Transaction","id":"cjlydxsgh007m0933ay6ffy08","amount":500,"balance":441,"createdAt":"2018-09-12T00:06:48.417Z","type":"DONATION","updatedAt":"2018-09-12T00:06:48.417Z"},{"_typeName":"Transaction","id":"cjlygph4u009d093389le95bf","amount":1800,"balance":1718,"createdAt":"2018-09-12T01:24:19.331Z","stripeID":"ch_1D9N5ZF0S6xPuZyATmhAOFO6","type":"ADD_FUNDS","updatedAt":"2018-09-12T01:24:19.331Z"},{"_typeName":"Transaction","id":"cjlygreid009s0933uiskhh4n","amount":1018,"balance":700,"createdAt":"2018-09-12T01:25:49.243Z","type":"DONATION","updatedAt":"2018-09-12T01:25:49.243Z"},{"_typeName":"Transaction","id":"cjlyi9arz00ba0933oal8fyf1","amount":5,"balance":936,"createdAt":"2018-09-12T02:07:43.828Z","type":"DONATION","updatedAt":"2018-09-12T02:07:43.828Z"},{"_typeName":"Transaction","id":"cjlyi9hyl00bq0933k5sgf221","amount":5,"balance":936,"createdAt":"2018-09-12T02:07:53.135Z","type":"DONATION","updatedAt":"2018-09-12T02:07:53.135Z"},{"_typeName":"Transaction","id":"cjlyke9ao00ci0933g3o4ykbw","amount":50,"balance":791,"createdAt":"2018-09-12T03:07:34.419Z","type":"DONATION","updatedAt":"2018-09-12T12:30:10.899Z"},{"_typeName":"Transaction","id":"cjlz24jac00eu0933rgkqswea","amount":5,"balance":936,"createdAt":"2018-09-12T11:23:53.894Z","type":"DONATION","updatedAt":"2018-09-12T11:23:53.894Z"},{"_typeName":"Transaction","id":"cjlz48yyo001c0959f6zbetau","amount":10,"balance":926,"createdAt":"2018-09-12T12:23:20.381Z","type":"DONATION","updatedAt":"2018-09-12T12:23:20.383Z"},{"_typeName":"Transaction","id":"cjlz49a00001s0959hc4mbmzg","amount":5,"balance":921,"createdAt":"2018-09-12T12:23:34.374Z","type":"DONATION","updatedAt":"2018-09-12T12:23:34.375Z"},{"_typeName":"Transaction","id":"cjlz49hm500240959l42mdb15","amount":5,"balance":916,"createdAt":"2018-09-12T12:23:44.244Z","type":"DONATION","updatedAt":"2018-09-12T12:23:44.245Z"},{"_typeName":"Transaction","id":"cjlz4f3xo003b0959reshlgrl","amount":100,"balance":816,"createdAt":"2018-09-12T12:28:06.453Z","type":"DONATION","updatedAt":"2018-09-12T12:28:06.453Z"},{"_typeName":"Transaction","id":"cjlz4rxxa00510959u3vsq9rq","amount":10,"balance":806,"createdAt":"2018-09-12T12:38:05.187Z","type":"DONATION","updatedAt":"2018-09-12T12:38:05.187Z"},{"_typeName":"Transaction","id":"cjlz53nah006g0959jj5370p5","amount":6,"balance":800,"createdAt":"2018-09-12T12:47:11.276Z","type":"DONATION","updatedAt":"2018-09-12T12:47:11.276Z"},{"_typeName":"Transaction","id":"cjlz8ihf6007n0959as7mz79k","amount":100,"balance":7105,"createdAt":"2018-09-12T14:22:42.392Z","type":"DONATION","updatedAt":"2018-09-12T14:22:42.392Z"},{"_typeName":"Transaction","id":"cjlzazjra008m0959n596cw7g","amount":1000,"balance":2217,"createdAt":"2018-09-12T15:31:57.780Z","type":"DONATION","updatedAt":"2018-09-12T15:31:57.780Z"},{"_typeName":"Transaction","id":"cjlzca72w009h0959fs1ke8xa","amount":10,"balance":790,"createdAt":"2018-09-12T16:08:14.172Z","type":"DONATION","updatedAt":"2018-09-12T16:08:14.172Z"},{"_typeName":"Transaction","id":"cjlzqcves000n0958kyg07kmy","amount":10,"balance":780,"createdAt":"2018-09-12T22:42:14.136Z","type":"DONATION","updatedAt":"2018-09-12T22:42:14.139Z"},{"_typeName":"Transaction","id":"cjlzqd9ds001209580jzbc30l","amount":5,"balance":775,"createdAt":"2018-09-12T22:42:31.767Z","type":"DONATION","updatedAt":"2018-09-12T22:42:31.767Z"},{"_typeName":"Transaction","id":"cjm17ag0r000o0915ywjx5a5g","amount":200,"balance":6905,"createdAt":"2018-09-13T23:24:00.497Z","type":"DONATION","updatedAt":"2018-09-13T23:24:00.498Z"},{"_typeName":"Transaction","id":"cjm19nkf2001f0915o6gw2pss","amount":5,"balance":770,"createdAt":"2018-09-14T00:30:11.504Z","type":"DONATION","updatedAt":"2018-09-14T00:30:11.505Z"},{"_typeName":"Transaction","id":"cjm19nqmj001r0915g9kvjiwd","amount":5,"balance":765,"createdAt":"2018-09-14T00:30:19.535Z","type":"DONATION","updatedAt":"2018-09-14T00:30:19.535Z"},{"_typeName":"Transaction","id":"cjm19nw5900230915g9muo4n7","amount":5,"balance":760,"createdAt":"2018-09-14T00:30:26.689Z","type":"DONATION","updatedAt":"2018-09-14T00:30:26.689Z"},{"_typeName":"Transaction","id":"cjm1clemc003409151ul6zgw7","amount":1000,"balance":1217,"createdAt":"2018-09-14T01:52:29.513Z","type":"DONATION","updatedAt":"2018-09-14T01:52:29.513Z"},{"_typeName":"Transaction","id":"cjm2fy7f9000i0944l4ejav4o","amount":5,"balance":755,"createdAt":"2018-09-14T20:14:12.302Z","type":"DONATION","updatedAt":"2018-09-14T20:14:12.302Z"},{"_typeName":"Transaction","id":"cjm2fyfdy000u0944msm2wjsa","amount":5,"balance":750,"createdAt":"2018-09-14T20:14:22.060Z","type":"DONATION","updatedAt":"2018-09-14T20:14:22.061Z"},{"_typeName":"Transaction","id":"cjm2fyifo00140944zx617s5b","amount":5,"balance":745,"createdAt":"2018-09-14T20:14:26.032Z","type":"DONATION","updatedAt":"2018-09-14T20:14:26.032Z"},{"_typeName":"Transaction","id":"cjm2fym2d001e0944o5qdc2rp","amount":5,"balance":740,"createdAt":"2018-09-14T20:14:30.728Z","type":"DONATION","updatedAt":"2018-09-14T20:14:30.728Z"},{"_typeName":"Transaction","id":"cjm2qnhss004l0944v0e4xte6","amount":200,"balance":1017,"createdAt":"2018-09-15T01:13:47.748Z","type":"DONATION","updatedAt":"2018-09-15T01:13:47.748Z"},{"_typeName":"Transaction","id":"cjm2qnwi9004x0944c1985dib","amount":25,"balance":992,"createdAt":"2018-09-15T01:14:06.806Z","type":"DONATION","updatedAt":"2018-09-15T01:14:06.806Z"},{"_typeName":"Transaction","id":"cjm2qoex3005909442xq9w51j","amount":25,"balance":967,"createdAt":"2018-09-15T01:14:30.673Z","type":"DONATION","updatedAt":"2018-09-15T01:14:30.673Z"},{"_typeName":"Transaction","id":"cjm2qov1g005l0944ljlgqont","amount":50,"balance":917,"createdAt":"2018-09-15T01:14:51.562Z","type":"DONATION","updatedAt":"2018-09-15T01:14:51.562Z"},{"_typeName":"Transaction","id":"cjm3tzbdb000c09731m9wq2fk","amount":500,"balance":1852,"createdAt":"2018-09-15T19:34:44.573Z","stripeID":"ch_1DAjXSF0S6xPuZyAUUvTxzhE","type":"ADD_FUNDS","updatedAt":"2018-09-15T19:34:44.574Z"},{"_typeName":"Transaction","id":"cjm3u00ue000p0973ra9wrofj","amount":500,"balance":1352,"createdAt":"2018-09-15T19:35:17.324Z","type":"DONATION","updatedAt":"2018-09-15T19:35:17.325Z"},{"_typeName":"Transaction","id":"cjm41vb0b001g0973a1gsu9nw","amount":5,"balance":735,"createdAt":"2018-09-15T23:15:34.162Z","type":"DONATION","updatedAt":"2018-09-15T23:15:34.162Z"},{"_typeName":"Transaction","id":"cjm41vgjr001s09731z2k0lzb","amount":10,"balance":725,"createdAt":"2018-09-15T23:15:41.336Z","type":"DONATION","updatedAt":"2018-09-15T23:15:41.336Z"},{"_typeName":"Transaction","id":"cjm41vlg5002409734ks2pm0a","amount":25,"balance":700,"createdAt":"2018-09-15T23:15:47.675Z","type":"DONATION","updatedAt":"2018-09-15T23:15:47.676Z"},{"_typeName":"Transaction","id":"cjm55el8w001l0999xs1kzt46","amount":5,"balance":695,"createdAt":"2018-09-16T17:42:19.231Z","type":"DONATION","updatedAt":"2018-09-16T17:42:19.231Z"},{"_typeName":"Transaction","id":"cjm55esns001x09990n6e22cc","amount":5,"balance":690,"createdAt":"2018-09-16T17:42:28.511Z","type":"DONATION","updatedAt":"2018-09-16T17:42:28.511Z"},{"_typeName":"Transaction","id":"cjm55vm9l003d09993ob6w4fa","amount":500,"balance":417,"createdAt":"2018-09-16T17:55:33.390Z","type":"DONATION","updatedAt":"2018-09-16T17:55:33.395Z"},{"_typeName":"Transaction","id":"cjm55w4e1003p0999b29fhtl8","amount":50,"balance":367,"createdAt":"2018-09-16T17:55:56.860Z","type":"DONATION","updatedAt":"2018-09-16T17:55:56.860Z"},{"_typeName":"Transaction","id":"cjm5csx2m00580999sfp8lre1","amount":367,"balance":0,"createdAt":"2018-09-16T21:09:24.732Z","type":"DONATION","updatedAt":"2018-09-16T21:09:24.753Z"},{"_typeName":"Transaction","id":"cjm5k3z1x005p0999n9b291ej","amount":6900,"balance":5,"createdAt":"2018-09-17T00:33:57.822Z","type":"DONATION","updatedAt":"2018-09-17T00:33:57.822Z"},{"_typeName":"Transaction","id":"cjm5k66em006g0999anliwy9m","amount":500,"balance":852,"createdAt":"2018-09-17T00:35:40.664Z","type":"DONATION","updatedAt":"2018-09-17T00:35:40.664Z"},{"_typeName":"Transaction","id":"cjm5k67s1006n0999wm5clpvr","amount":412,"balance":0,"createdAt":"2018-09-17T00:35:42.451Z","type":"DONATION","updatedAt":"2018-09-17T00:35:42.451Z"},{"_typeName":"Transaction","id":"cjm5k7hkq007a0999pse510pu","amount":700,"balance":91,"createdAt":"2018-09-17T00:36:41.796Z","type":"DONATION","updatedAt":"2018-09-17T00:36:41.796Z"},{"_typeName":"Transaction","id":"cjm5lpya500870999rockjimf","amount":10000,"balance":9680,"createdAt":"2018-09-17T01:19:02.867Z","stripeID":"ch_1DBBOCF0S6xPuZyA5bmBtHwI","type":"ADD_FUNDS","updatedAt":"2018-09-17T01:19:02.868Z"},{"_typeName":"Transaction","id":"cjm5lttkj008r0999c3ckv4qr","amount":9680,"balance":0,"createdAt":"2018-09-17T01:22:03.392Z","type":"DONATION","updatedAt":"2018-09-17T01:22:03.392Z"},{"_typeName":"Transaction","id":"cjm7lejyk00880905wm4tx2h4","amount":10000,"balance":9685,"createdAt":"2018-09-18T10:45:44.614Z","stripeID":"ch_1DBgi9F0S6xPuZyAbHjvBZqp","type":"ADD_FUNDS","updatedAt":"2018-09-18T10:45:44.616Z"},{"_typeName":"Transaction","id":"cjm7leywk008j0905nqrwe3wt","amount":100,"balance":9585,"createdAt":"2018-09-18T10:46:02.812Z","type":"DONATION","updatedAt":"2018-09-18T10:46:02.812Z"},{"_typeName":"Transaction","id":"cjm7omcgx008v0905k8yjd1s3","amount":100,"balance":590,"createdAt":"2018-09-18T12:15:45.840Z","type":"DONATION","updatedAt":"2018-09-18T12:15:45.842Z"},{"_typeName":"Transaction","id":"cjm7omh6z009709055lty3c5h","amount":100,"balance":490,"createdAt":"2018-09-18T12:15:51.961Z","type":"DONATION","updatedAt":"2018-09-18T12:15:51.961Z"},{"_typeName":"Transaction","id":"cjm7onq1500ab0905afxlce5s","amount":100,"balance":390,"createdAt":"2018-09-18T12:16:50.081Z","type":"DONATION","updatedAt":"2018-09-18T12:16:50.082Z"},{"_typeName":"Transaction","id":"cjm7onv6g00an0905ki0npo71","amount":100,"balance":290,"createdAt":"2018-09-18T12:16:56.732Z","type":"DONATION","updatedAt":"2018-09-18T12:16:56.732Z"},{"_typeName":"Transaction","id":"cjm7ovb2b00b30905b3zjxau2","amount":2500,"balance":2687,"createdAt":"2018-09-18T12:22:43.956Z","stripeID":"ch_1DBiE2F0S6xPuZyAWLEOVWXw","type":"ADD_FUNDS","updatedAt":"2018-09-18T12:22:43.956Z"},{"_typeName":"Transaction","id":"cjm86vgf500180925i8m1ypfb","amount":2500,"balance":2397,"createdAt":"2018-09-18T20:46:44.924Z","stripeID":"ch_1DBq5mF0S6xPuZyA1wr3WkQc","type":"ADD_FUNDS","updatedAt":"2018-09-18T20:46:44.925Z"},{"_typeName":"Transaction","id":"cjm87kfu4003609253e33mt7v","amount":100,"balance":2587,"createdAt":"2018-09-18T21:06:09.602Z","type":"DONATION","updatedAt":"2018-09-18T21:06:09.604Z"},{"_typeName":"Transaction","id":"cjm87of7l003m0925ypky5l00","amount":1000,"balance":1397,"createdAt":"2018-09-18T21:09:15.414Z","type":"DONATION","updatedAt":"2018-09-18T21:09:15.415Z"},{"_typeName":"Transaction","id":"cjm9e11uq004z0925ekh8nu1k","amount":100,"balance":2487,"createdAt":"2018-09-19T16:54:48.491Z","type":"DONATION","updatedAt":"2018-09-19T16:54:48.492Z"},{"_typeName":"Transaction","id":"cjm9fn4x8000p0909eqx6pwz2","amount":10,"balance":2477,"createdAt":"2018-09-19T17:39:58.955Z","type":"DONATION","updatedAt":"2018-09-19T17:39:58.967Z"},{"_typeName":"Transaction","id":"cjm9qunth001509092k3csomi","amount":500,"balance":1977,"createdAt":"2018-09-19T22:53:45.376Z","type":"DONATION","updatedAt":"2018-09-19T22:53:45.376Z"},{"_typeName":"Transaction","id":"cjm9rmuo5001r0909pln85fur","amount":1000,"balance":8585,"createdAt":"2018-09-19T23:15:40.632Z","type":"DONATION","updatedAt":"2018-09-19T23:15:40.632Z"},{"_typeName":"Transaction","id":"cjm9w471a002b0909hk4cm7u4","amount":1500,"balance":1426,"createdAt":"2018-09-20T01:21:08.278Z","stripeID":"ch_1DCGqsF0S6xPuZyAsCipdvKO","type":"ADD_FUNDS","updatedAt":"2018-09-20T01:21:08.278Z"},{"_typeName":"Transaction","id":"cjm9w51tp002p0909uo8i9f7s","amount":700,"balance":726,"createdAt":"2018-09-20T01:21:48.172Z","type":"DONATION","updatedAt":"2018-09-20T01:21:48.172Z"},{"_typeName":"Transaction","id":"cjmb9hkdu000g0939yzrxofri","amount":2442,"balance":2341,"createdAt":"2018-09-21T00:23:13.410Z","stripeID":"ch_1DCcQNF0S6xPuZyAVvxL2blq","type":"ADD_FUNDS","updatedAt":"2018-09-21T00:23:13.410Z"},{"_typeName":"Transaction","id":"cjmb9hygf000t09394uoxbnyf","amount":2341,"balance":0,"createdAt":"2018-09-21T00:23:31.510Z","type":"DONATION","updatedAt":"2018-09-21T00:23:31.510Z"},{"_typeName":"Transaction","id":"cjmb9nl4d001k0939mgpo755a","amount":500,"balance":1477,"createdAt":"2018-09-21T00:27:54.165Z","type":"DONATION","updatedAt":"2018-09-21T00:27:54.166Z"},{"_typeName":"Transaction","id":"cjmbadu0u001z0939drx9fcbc","amount":1000,"balance":477,"createdAt":"2018-09-21T00:48:18.755Z","type":"DONATION","updatedAt":"2018-09-21T00:48:18.756Z"},{"_typeName":"Transaction","id":"cjmbcapiv003c0939k1pqj8lc","amount":200,"balance":8385,"createdAt":"2018-09-21T01:41:52.186Z","type":"DONATION","updatedAt":"2018-09-21T01:41:52.187Z"},{"_typeName":"Transaction","id":"cjmclda4z000b0964vz3f8fu4","amount":100,"balance":377,"createdAt":"2018-09-21T22:43:35.147Z","type":"DONATION","updatedAt":"2018-09-21T22:43:35.147Z"},{"_typeName":"Transaction","id":"cjmdpfszh001909641i92ion2","amount":177,"balance":200,"createdAt":"2018-09-22T17:25:17.315Z","type":"DONATION","updatedAt":"2018-09-22T17:25:17.315Z"},{"_typeName":"Transaction","id":"cjmdu35ur000i0906jigwennb","amount":91,"balance":0,"createdAt":"2018-09-22T19:35:25.736Z","type":"DONATION","updatedAt":"2018-09-22T19:35:25.736Z"},{"_typeName":"Transaction","id":"cjme2it5x00170906ri05jery","amount":726,"balance":0,"createdAt":"2018-09-22T23:31:32.520Z","type":"DONATION","updatedAt":"2018-09-22T23:31:32.521Z"},{"_typeName":"Transaction","id":"cjme2knle001o0906mctx0jwy","amount":800,"balance":52,"createdAt":"2018-09-22T23:32:58.615Z","type":"DONATION","updatedAt":"2018-09-22T23:32:58.616Z"},{"_typeName":"Transaction","id":"cjme5gc8z00230906j5ry5rov","amount":2500,"balance":2597,"createdAt":"2018-09-23T00:53:36.136Z","stripeID":"ch_1DDLqsF0S6xPuZyAn5m5KUjT","type":"ADD_FUNDS","updatedAt":"2018-09-23T00:53:36.136Z"},{"_typeName":"Transaction","id":"cjme5gji9002e0906f189ogpf","amount":1000,"balance":1597,"createdAt":"2018-09-23T00:53:45.540Z","type":"DONATION","updatedAt":"2018-09-23T00:53:45.540Z"},{"_typeName":"Transaction","id":"cjme5pt2b002s09061rbx1y16","amount":1000,"balance":397,"createdAt":"2018-09-23T01:00:57.830Z","type":"DONATION","updatedAt":"2018-09-23T01:00:57.830Z"},{"_typeName":"Transaction","id":"cjme6k0pw003a0906kxk1x76j","amount":1000,"balance":597,"createdAt":"2018-09-23T01:24:27.430Z","type":"DONATION","updatedAt":"2018-09-23T01:24:27.430Z"},{"_typeName":"Transaction","id":"cjmf5kmzx00490906t1n6qoic","amount":500,"balance":455,"createdAt":"2018-09-23T17:44:42.872Z","stripeID":"ch_1DDbdNF0S6xPuZyAZloQbIIM","type":"ADD_FUNDS","updatedAt":"2018-09-23T17:44:42.873Z"},{"_typeName":"Transaction","id":"cjmf5mysj004m0906cotp9eu3","amount":100,"balance":355,"createdAt":"2018-09-23T17:46:31.469Z","type":"DONATION","updatedAt":"2018-09-23T17:46:31.470Z"},{"_typeName":"Transaction","id":"cjmf607xq00580906ozbra8w5","amount":2000,"balance":6385,"createdAt":"2018-09-23T17:56:49.843Z","type":"DONATION","updatedAt":"2018-09-23T17:56:49.843Z"},{"_typeName":"Transaction","id":"cjmfcxikr000x0979w2vvb3lv","amount":1000,"balance":941,"createdAt":"2018-09-23T21:10:41.131Z","stripeID":"ch_1DDeqhF0S6xPuZyAZfcLKpRG","type":"ADD_FUNDS","updatedAt":"2018-09-23T21:10:41.131Z"},{"_typeName":"Transaction","id":"cjmfcy64b001a0979tdgovuog","amount":941,"balance":0,"createdAt":"2018-09-23T21:11:11.489Z","type":"DONATION","updatedAt":"2018-09-23T21:11:11.489Z"},{"_typeName":"Transaction","id":"cjmfk07ej002909792ngznp87","amount":397,"balance":0,"createdAt":"2018-09-24T00:28:43.775Z","type":"DONATION","updatedAt":"2018-09-24T00:28:43.776Z"},{"_typeName":"Transaction","id":"cjmfkqx5s003q09799ill9pi7","amount":200,"balance":155,"createdAt":"2018-09-24T00:49:30.216Z","type":"DONATION","updatedAt":"2018-09-24T00:49:30.216Z"},{"_typeName":"Transaction","id":"cjmga4opz005n0979ngnc95q7","amount":10900,"balance":10554,"createdAt":"2018-09-24T12:40:02.857Z","stripeID":"ch_1DDtM5F0S6xPuZyArTA6XaWr","type":"ADD_FUNDS","updatedAt":"2018-09-24T12:40:02.857Z"},{"_typeName":"Transaction","id":"cjmga7tfy005y09792rljxgz1","amount":3500,"balance":7054,"createdAt":"2018-09-24T12:42:28.945Z","type":"DONATION","updatedAt":"2018-09-24T12:42:28.945Z"},{"_typeName":"Transaction","id":"cjmga8prj006a0979yghsesjy","amount":100,"balance":6954,"createdAt":"2018-09-24T12:43:10.835Z","type":"DONATION","updatedAt":"2018-09-24T12:43:10.836Z"},{"_typeName":"Transaction","id":"cjmgcu9a400740979751kswxo","amount":1000,"balance":941,"createdAt":"2018-09-24T13:55:55.173Z","stripeID":"ch_1DDuXVF0S6xPuZyAnmGTCAVL","type":"ADD_FUNDS","updatedAt":"2018-09-24T13:55:55.174Z"},{"_typeName":"Transaction","id":"cjmgcv8mp007h0979h7sv2puy","amount":900,"balance":41,"createdAt":"2018-09-24T13:56:40.953Z","type":"DONATION","updatedAt":"2018-09-24T13:56:40.953Z"},{"_typeName":"Transaction","id":"cjmgcwano007r09793lubrdup","amount":100,"balance":108,"createdAt":"2018-09-24T13:57:30.240Z","stripeID":"ch_1DDuZ2F0S6xPuZyABEpChaMP","type":"ADD_FUNDS","updatedAt":"2018-09-24T13:57:30.240Z"},{"_typeName":"Transaction","id":"cjmgcxyv0007z0979ah63cxpc","amount":1100,"balance":1146,"createdAt":"2018-09-24T13:58:48.260Z","stripeID":"ch_1DDuaIF0S6xPuZyA8dqu38BC","type":"ADD_FUNDS","updatedAt":"2018-09-24T13:58:48.261Z"},{"_typeName":"Transaction","id":"cjmgcykxv008c0979jhj2kq0k","amount":600,"balance":546,"createdAt":"2018-09-24T13:59:16.893Z","type":"DONATION","updatedAt":"2018-09-24T13:59:16.893Z"},{"_typeName":"Transaction","id":"cjmgszl0k001f0964j6db15ry","amount":1000,"balance":5385,"createdAt":"2018-09-24T21:27:57.543Z","type":"DONATION","updatedAt":"2018-09-24T21:27:57.543Z"},{"_typeName":"Transaction","id":"cjmgyvh5u003c0964s7dhljmt","amount":100,"balance":497,"createdAt":"2018-09-25T00:12:43.559Z","type":"DONATION","updatedAt":"2018-09-25T00:12:43.559Z"},{"_typeName":"Transaction","id":"cjmgyxzgr003z096495laobec","amount":500,"balance":4885,"createdAt":"2018-09-25T00:14:40.595Z","type":"DONATION","updatedAt":"2018-09-25T00:14:40.595Z"},{"_typeName":"Transaction","id":"cjmh1pw5u004m0964g3gm5r66","amount":25,"balance":130,"createdAt":"2018-09-25T01:32:21.917Z","type":"DONATION","updatedAt":"2018-09-25T01:32:21.917Z"},{"_typeName":"Transaction","id":"cjmh1q5mx00520964fuu0xyin","amount":5,"balance":125,"createdAt":"2018-09-25T01:32:34.199Z","type":"DONATION","updatedAt":"2018-09-25T01:32:34.200Z"},{"_typeName":"Transaction","id":"cjmh1snvs005h0964ig1bbk9t","amount":50,"balance":75,"createdAt":"2018-09-25T01:34:31.165Z","type":"DONATION","updatedAt":"2018-09-25T01:34:31.165Z"},{"_typeName":"Transaction","id":"cjmh1sx25005t0964axn1gglh","amount":75,"balance":0,"createdAt":"2018-09-25T01:34:43.047Z","type":"DONATION","updatedAt":"2018-09-25T01:34:43.055Z"},{"_typeName":"Transaction","id":"cjmhv32nw007s0964osjq8op2","amount":100,"balance":397,"createdAt":"2018-09-25T15:14:25.729Z","type":"DONATION","updatedAt":"2018-09-25T15:14:25.729Z"},{"_typeName":"Transaction","id":"cjmjx3p6600180975v1mb6fhb","amount":100,"balance":297,"createdAt":"2018-09-27T01:46:26.676Z","type":"DONATION","updatedAt":"2018-09-27T01:46:26.677Z"},{"_typeName":"Transaction","id":"cjmjx572y001q0975e73aihbr","amount":1500,"balance":5454,"createdAt":"2018-09-27T01:47:36.352Z","type":"DONATION","updatedAt":"2018-09-27T01:47:36.352Z"},{"_typeName":"Transaction","id":"cjmksnhp4003f0975iyiq3nza","amount":500,"balance":4954,"createdAt":"2018-09-27T16:29:38.013Z","type":"DONATION","updatedAt":"2018-09-27T16:29:38.013Z"},{"_typeName":"Transaction","id":"cjmm523kz000s0932u6ejx7q0","amount":100,"balance":197,"createdAt":"2018-09-28T15:04:41.634Z","type":"DONATION","updatedAt":"2018-09-28T15:04:41.634Z"},{"_typeName":"Transaction","id":"cjmnhcj54001i09540nhb633y","amount":500,"balance":4385,"createdAt":"2018-09-29T13:36:30.002Z","type":"DONATION","updatedAt":"2018-09-29T13:36:30.003Z"},{"_typeName":"Transaction","id":"cjmphl5n3001l0969uzo6nfiv","amount":1000,"balance":3954,"createdAt":"2018-09-30T23:18:44.205Z","type":"DONATION","updatedAt":"2018-09-30T23:18:44.205Z"},{"_typeName":"Transaction","id":"cjmqbv544002d09693zafg0yq","amount":2000,"balance":2385,"createdAt":"2018-10-01T13:26:18.546Z","type":"DONATION","updatedAt":"2018-10-01T13:26:18.547Z"},{"_typeName":"Transaction","id":"cjmqt51dv002x0969xn3l9jp6","amount":100,"balance":97,"createdAt":"2018-10-01T21:29:53.738Z","type":"DONATION","updatedAt":"2018-10-01T21:29:53.738Z"},{"_typeName":"Transaction","id":"cjms9vyn700150906zh69c7o8","amount":1000,"balance":2954,"createdAt":"2018-10-02T22:06:30.880Z","type":"DONATION","updatedAt":"2018-10-02T22:06:30.881Z"},{"_typeName":"Transaction","id":"cjmufvg2d000u0918u3fubp7v","amount":500,"balance":1885,"createdAt":"2018-10-04T10:29:36.162Z","type":"DONATION","updatedAt":"2018-10-04T10:29:36.162Z"},{"_typeName":"Transaction","id":"cjmvavy02001309954p45308h","amount":500,"balance":500,"createdAt":"2018-10-05T00:57:48.259Z","stripeID":"","type":"ADD_FUNDS","updatedAt":"2018-10-05T00:57:48.263Z"},{"_typeName":"Transaction","id":"cjmvavymz001609958tvi5bdh","amount":500,"balance":500,"createdAt":"2018-10-05T00:57:48.258Z","stripeID":"","type":"ADD_FUNDS","updatedAt":"2018-10-05T00:57:48.266Z"},{"_typeName":"Transaction","id":"cjmvcv7u6001w0995367936nj","amount":10,"balance":490,"createdAt":"2018-10-05T01:53:12.563Z","type":"DONATION","updatedAt":"2018-10-05T01:53:12.563Z"},{"_typeName":"Transaction","id":"cjmz3k579000d09254xyq9a7t","amount":2954,"balance":0,"createdAt":"2018-10-07T16:43:44.837Z","type":"DONATION","updatedAt":"2018-10-07T16:43:44.838Z"},{"_typeName":"Transaction","id":"cjmz4byxo000u0925xv2p03zw","amount":10,"balance":480,"createdAt":"2018-10-07T17:05:22.354Z","type":"DONATION","updatedAt":"2018-10-07T17:05:22.354Z"},{"_typeName":"Transaction","id":"cjmzjp3mi001e0925vkg4phi1","amount":5000,"balance":4922,"createdAt":"2018-10-08T00:15:29.207Z","stripeID":"ch_1DImPCF0S6xPuZyAY5SCBWSi","type":"ADD_FUNDS","updatedAt":"2018-10-08T00:15:29.207Z"},{"_typeName":"Transaction","id":"cjmzjp9hh001o0925iewf5u3a","amount":4922,"balance":0,"createdAt":"2018-10-08T00:15:36.782Z","type":"DONATION","updatedAt":"2018-10-08T00:15:36.782Z"},{"_typeName":"Transaction","id":"cjmzjqukm002h09259oqllrfs","amount":100,"balance":380,"createdAt":"2018-10-08T00:16:50.800Z","type":"DONATION","updatedAt":"2018-10-08T00:16:50.800Z"},{"_typeName":"Transaction","id":"cjmzjr0pr002t0925u2yfpbc7","amount":5,"balance":375,"createdAt":"2018-10-08T00:16:58.742Z","type":"DONATION","updatedAt":"2018-10-08T00:16:58.742Z"},{"_typeName":"Transaction","id":"cjmzjr72m003509251kyx6mdc","amount":5,"balance":370,"createdAt":"2018-10-08T00:17:07.013Z","type":"DONATION","updatedAt":"2018-10-08T00:17:07.013Z"},{"_typeName":"Transaction","id":"cjmzjrd42003h0925oie6ofqv","amount":5,"balance":365,"createdAt":"2018-10-08T00:17:14.800Z","type":"DONATION","updatedAt":"2018-10-08T00:17:14.800Z"},{"_typeName":"Transaction","id":"cjmzjrink003t09256aho6gfd","amount":5,"balance":360,"createdAt":"2018-10-08T00:17:21.978Z","type":"DONATION","updatedAt":"2018-10-08T00:17:21.978Z"},{"_typeName":"Transaction","id":"cjn0lfsoh000r0927lwok63kt","amount":10000,"balance":11565,"createdAt":"2018-10-08T17:52:00.832Z","stripeID":"ch_1DJ2teF0S6xPuZyAaf6VkpUZ","type":"ADD_FUNDS","updatedAt":"2018-10-08T17:52:00.832Z"},{"_typeName":"Transaction","id":"cjn0lg72c001209270mhci2f2","amount":4000,"balance":7565,"createdAt":"2018-10-08T17:52:19.160Z","type":"DONATION","updatedAt":"2018-10-08T17:52:19.161Z"},{"_typeName":"Transaction","id":"cjn19aqcc001v0901bxudmn7o","amount":50,"balance":310,"createdAt":"2018-10-09T04:59:55.198Z","type":"DONATION","updatedAt":"2018-10-09T04:59:55.199Z"},{"_typeName":"Transaction","id":"cjn3otbri000f0936jz8dx2i3","amount":5000,"balance":4825,"createdAt":"2018-10-10T21:49:49.316Z","stripeID":"ch_1DJpYsF0S6xPuZyApeHbtNtm","type":"ADD_FUNDS","updatedAt":"2018-10-10T21:49:49.317Z"},{"_typeName":"Transaction","id":"cjn3ou6i5000s09363j6h9opt","amount":250,"balance":4575,"createdAt":"2018-10-10T21:50:28.977Z","type":"DONATION","updatedAt":"2018-10-10T21:50:28.978Z"},{"_typeName":"Transaction","id":"cjn3v0ci9001c0936g167lm8l","amount":500,"balance":7065,"createdAt":"2018-10-11T00:43:14.390Z","type":"DONATION","updatedAt":"2018-10-11T00:43:14.390Z"},{"_typeName":"Transaction","id":"cjn48ir9c000b0958zzckf7o9","amount":50,"balance":260,"createdAt":"2018-10-11T07:01:28.455Z","type":"DONATION","updatedAt":"2018-10-11T07:01:28.473Z"},{"_typeName":"Transaction","id":"cjn4lm13n000z0958ikd88e71","amount":1,"balance":4574,"createdAt":"2018-10-11T13:07:56.080Z","type":"DONATION","updatedAt":"2018-10-11T13:07:56.080Z"},{"_typeName":"Transaction","id":"cjn5at7ig001o0958pzd6tagp","amount":10,"balance":250,"createdAt":"2018-10-12T00:53:21.361Z","type":"DONATION","updatedAt":"2018-10-12T00:53:21.361Z"},{"_typeName":"Transaction","id":"cjn5atd3j002009580ulqlani","amount":5,"balance":245,"createdAt":"2018-10-12T00:53:28.601Z","type":"DONATION","updatedAt":"2018-10-12T00:53:28.601Z"},{"_typeName":"Transaction","id":"cjn5atjmd002c0958qucx6m4q","amount":5,"balance":240,"createdAt":"2018-10-12T00:53:37.049Z","type":"DONATION","updatedAt":"2018-10-12T00:53:37.049Z"},{"_typeName":"Transaction","id":"cjn5atowa002o0958xw1fae0i","amount":5,"balance":235,"createdAt":"2018-10-12T00:53:43.886Z","type":"DONATION","updatedAt":"2018-10-12T00:53:43.886Z"},{"_typeName":"Transaction","id":"cjn5atxc90034095810uj4hs5","amount":5,"balance":230,"createdAt":"2018-10-12T00:53:54.832Z","type":"DONATION","updatedAt":"2018-10-12T00:53:54.832Z"},{"_typeName":"Transaction","id":"cjn5au1w6003g0958r7fnu8qw","amount":5,"balance":225,"createdAt":"2018-10-12T00:54:00.738Z","type":"DONATION","updatedAt":"2018-10-12T00:54:00.738Z"},{"_typeName":"Transaction","id":"cjn5au6eb003s09583h4zd2of","amount":5,"balance":220,"createdAt":"2018-10-12T00:54:06.566Z","type":"DONATION","updatedAt":"2018-10-12T00:54:06.566Z"},{"_typeName":"Transaction","id":"cjn5auc0i00440958honwi28q","amount":5,"balance":215,"createdAt":"2018-10-12T00:54:13.848Z","type":"DONATION","updatedAt":"2018-10-12T00:54:13.849Z"},{"_typeName":"Transaction","id":"cjn5aufxa004g0958oraywqu8","amount":5,"balance":210,"createdAt":"2018-10-12T00:54:18.919Z","type":"DONATION","updatedAt":"2018-10-12T00:54:18.919Z"},{"_typeName":"Transaction","id":"cjn5aul8d004s0958rx9v95vv","amount":5,"balance":205,"createdAt":"2018-10-12T00:54:25.793Z","type":"DONATION","updatedAt":"2018-10-12T00:54:25.793Z"},{"_typeName":"Transaction","id":"cjn5aus9i005809588m34jqzp","amount":5,"balance":200,"createdAt":"2018-10-12T00:54:34.907Z","type":"DONATION","updatedAt":"2018-10-12T00:54:34.907Z"},{"_typeName":"Transaction","id":"cjn5auxnm005k0958bgq4ft55","amount":5,"balance":195,"createdAt":"2018-10-12T00:54:41.894Z","type":"DONATION","updatedAt":"2018-10-12T00:54:41.894Z"},{"_typeName":"Transaction","id":"cjn5av1wu005w0958bn64houh","amount":5,"balance":190,"createdAt":"2018-10-12T00:54:47.411Z","type":"DONATION","updatedAt":"2018-10-12T00:54:47.412Z"},{"_typeName":"Transaction","id":"cjn5av5zc00680958r3opm083","amount":5,"balance":185,"createdAt":"2018-10-12T00:54:52.689Z","type":"DONATION","updatedAt":"2018-10-12T00:54:52.689Z"},{"_typeName":"Transaction","id":"cjn5ava4r006k0958hq3iaf41","amount":5,"balance":180,"createdAt":"2018-10-12T00:54:58.066Z","type":"DONATION","updatedAt":"2018-10-12T00:54:58.066Z"},{"_typeName":"Transaction","id":"cjn5aveab006w0958i5r1vvz9","amount":5,"balance":175,"createdAt":"2018-10-12T00:55:03.452Z","type":"DONATION","updatedAt":"2018-10-12T00:55:03.452Z"},{"_typeName":"Transaction","id":"cjn5avjq200780958naxq9gfq","amount":5,"balance":170,"createdAt":"2018-10-12T00:55:10.501Z","type":"DONATION","updatedAt":"2018-10-12T00:55:10.501Z"},{"_typeName":"Transaction","id":"cjn5avo6b007k0958nf7lmy9y","amount":5,"balance":165,"createdAt":"2018-10-12T00:55:16.281Z","type":"DONATION","updatedAt":"2018-10-12T00:55:16.281Z"},{"_typeName":"Transaction","id":"cjn90w1kt000f09643jnj5o4i","amount":100,"balance":4474,"createdAt":"2018-10-14T15:26:42.638Z","type":"DONATION","updatedAt":"2018-10-14T15:26:42.639Z"},{"_typeName":"Transaction","id":"cjn90w7vm000r0964zwo6pmry","amount":100,"balance":4374,"createdAt":"2018-10-14T15:26:50.345Z","type":"DONATION","updatedAt":"2018-10-14T15:26:50.346Z"},{"_typeName":"Transaction","id":"cjn90wcym00130964bhzz42jc","amount":100,"balance":4274,"createdAt":"2018-10-14T15:26:56.933Z","type":"DONATION","updatedAt":"2018-10-14T15:26:56.933Z"},{"_typeName":"Transaction","id":"cjn90whsg001f0964d34k7t6p","amount":100,"balance":4174,"createdAt":"2018-10-14T15:27:03.191Z","type":"DONATION","updatedAt":"2018-10-14T15:27:03.191Z"},{"_typeName":"Transaction","id":"cjn90wmj4001r09642y7cv2kf","amount":100,"balance":4074,"createdAt":"2018-10-14T15:27:09.332Z","type":"DONATION","updatedAt":"2018-10-14T15:27:09.333Z"},{"_typeName":"Transaction","id":"cjn90wrdw00230964wvkkqh8s","amount":100,"balance":3974,"createdAt":"2018-10-14T15:27:15.629Z","type":"DONATION","updatedAt":"2018-10-14T15:27:15.630Z"},{"_typeName":"Transaction","id":"cjn90ww10002f09642f16pn3m","amount":100,"balance":3874,"createdAt":"2018-10-14T15:27:21.644Z","type":"DONATION","updatedAt":"2018-10-14T15:27:21.645Z"},{"_typeName":"Transaction","id":"cjn90x271002r096409tc1ibh","amount":100,"balance":3774,"createdAt":"2018-10-14T15:27:29.635Z","type":"DONATION","updatedAt":"2018-10-14T15:27:29.635Z"},{"_typeName":"Transaction","id":"cjn90x6tr003309644o5gxr66","amount":100,"balance":3674,"createdAt":"2018-10-14T15:27:35.645Z","type":"DONATION","updatedAt":"2018-10-14T15:27:35.645Z"},{"_typeName":"Transaction","id":"cjn90xb31003f0964vlf2ff2q","amount":100,"balance":3574,"createdAt":"2018-10-14T15:27:41.158Z","type":"DONATION","updatedAt":"2018-10-14T15:27:41.158Z"},{"_typeName":"Transaction","id":"cjn90xggl003r0964sprwk1bz","amount":100,"balance":3474,"createdAt":"2018-10-14T15:27:48.120Z","type":"DONATION","updatedAt":"2018-10-14T15:27:48.121Z"},{"_typeName":"Transaction","id":"cjnamqyrh000r0901wlcnowai","amount":10000,"balance":9680,"createdAt":"2018-10-15T18:26:23.399Z","stripeID":"ch_1DLallF0S6xPuZyA6gCahlCL","type":"ADD_FUNDS","updatedAt":"2018-10-15T18:26:23.400Z"},{"_typeName":"Transaction","id":"cjnamt27a00130901v2x5w4yu","amount":5000,"balance":4680,"createdAt":"2018-10-15T18:28:00.751Z","type":"DONATION","updatedAt":"2018-10-15T18:28:00.751Z"},{"_typeName":"Transaction","id":"cjni27zam001h095310y8muzh","amount":5000,"balance":4825,"createdAt":"2018-10-20T23:13:54.333Z","stripeID":"ch_1DNTdkF0S6xPuZyAyT5Mu3OM","type":"ADD_FUNDS","updatedAt":"2018-10-20T23:13:54.333Z"},{"_typeName":"Transaction","id":"cjni28vxs001u09531z5b0sbn","amount":1000,"balance":3825,"createdAt":"2018-10-20T23:14:36.611Z","type":"DONATION","updatedAt":"2018-10-20T23:14:36.612Z"},{"_typeName":"Transaction","id":"cjni6f9fa002w0953uikmqrzd","amount":25,"balance":140,"createdAt":"2018-10-21T01:11:32.477Z","type":"DONATION","updatedAt":"2018-10-21T01:11:32.478Z"},{"_typeName":"Transaction","id":"cjniwdtc6000e0972u8bh0emy","amount":100,"balance":3374,"createdAt":"2018-10-21T13:18:15.327Z","type":"DONATION","updatedAt":"2018-10-21T13:18:15.328Z"},{"_typeName":"Transaction","id":"cjniwdyfw000q0972ef7nhky0","amount":100,"balance":3274,"createdAt":"2018-10-21T13:18:21.615Z","type":"DONATION","updatedAt":"2018-10-21T13:18:21.615Z"},{"_typeName":"Transaction","id":"cjniwe3tz00150972k5lu88o2","amount":100,"balance":3174,"createdAt":"2018-10-21T13:18:28.592Z","type":"DONATION","updatedAt":"2018-10-21T13:18:28.592Z"},{"_typeName":"Transaction","id":"cjniwe7wa001h0972vpx2fi5o","amount":100,"balance":3074,"createdAt":"2018-10-21T13:18:33.866Z","type":"DONATION","updatedAt":"2018-10-21T13:18:33.866Z"},{"_typeName":"Transaction","id":"cjniwebmg001t0972qe15rysl","amount":100,"balance":2974,"createdAt":"2018-10-21T13:18:38.691Z","type":"DONATION","updatedAt":"2018-10-21T13:18:38.692Z"},{"_typeName":"Transaction","id":"cjniwef8x00230972rw2ggyyj","amount":100,"balance":2874,"createdAt":"2018-10-21T13:18:43.385Z","type":"DONATION","updatedAt":"2018-10-21T13:18:43.385Z"},{"_typeName":"Transaction","id":"cjniwej4i002h09727w7vqz26","amount":100,"balance":2774,"createdAt":"2018-10-21T13:18:48.446Z","type":"DONATION","updatedAt":"2018-10-21T13:18:48.446Z"},{"_typeName":"Transaction","id":"cjniwen3e002q0972syybfce2","amount":100,"balance":2674,"createdAt":"2018-10-21T13:18:53.551Z","type":"DONATION","updatedAt":"2018-10-21T13:18:53.551Z"},{"_typeName":"Transaction","id":"cjniwes7t003509722y7dyst2","amount":100,"balance":2574,"createdAt":"2018-10-21T13:19:00.190Z","type":"DONATION","updatedAt":"2018-10-21T13:19:00.190Z"},{"_typeName":"Transaction","id":"cjniwewes003e09723bv006dq","amount":100,"balance":2474,"createdAt":"2018-10-21T13:19:05.628Z","type":"DONATION","updatedAt":"2018-10-21T13:19:05.628Z"},{"_typeName":"Transaction","id":"cjniwf0l1003t0972aqk8jr97","amount":100,"balance":2374,"createdAt":"2018-10-21T13:19:11.037Z","type":"DONATION","updatedAt":"2018-10-21T13:19:11.037Z"},{"_typeName":"Transaction","id":"cjniwf4h7004209724n721y2r","amount":100,"balance":2274,"createdAt":"2018-10-21T13:19:16.080Z","type":"DONATION","updatedAt":"2018-10-21T13:19:16.080Z"},{"_typeName":"Transaction","id":"cjniwf8tr004e0972lqiryciv","amount":100,"balance":2174,"createdAt":"2018-10-21T13:19:21.714Z","type":"DONATION","updatedAt":"2018-10-21T13:19:21.714Z"},{"_typeName":"Transaction","id":"cjniwfe0i004q0972jnk1kk4f","amount":100,"balance":2074,"createdAt":"2018-10-21T13:19:28.441Z","type":"DONATION","updatedAt":"2018-10-21T13:19:28.441Z"},{"_typeName":"Transaction","id":"cjniwfiv4005209721pl34v8k","amount":100,"balance":1974,"createdAt":"2018-10-21T13:19:34.726Z","type":"DONATION","updatedAt":"2018-10-21T13:19:34.726Z"},{"_typeName":"Transaction","id":"cjniwfnn7005e0972n9nlalph","amount":100,"balance":1874,"createdAt":"2018-10-21T13:19:40.940Z","type":"DONATION","updatedAt":"2018-10-21T13:19:40.940Z"},{"_typeName":"Transaction","id":"cjniwfw8a005q0972gi8f3b0k","amount":329,"balance":1545,"createdAt":"2018-10-21T13:19:52.049Z","type":"DONATION","updatedAt":"2018-10-21T13:19:52.049Z"},{"_typeName":"Transaction","id":"cjniwg4sr00620972j3pfobnq","amount":5,"balance":1540,"createdAt":"2018-10-21T13:20:03.151Z","type":"DONATION","updatedAt":"2018-10-21T13:20:03.151Z"},{"_typeName":"Transaction","id":"cjnjb2kk1007k0972pco1mi3l","amount":25,"balance":115,"createdAt":"2018-10-21T20:09:24.631Z","type":"DONATION","updatedAt":"2018-10-21T20:09:24.631Z"},{"_typeName":"Transaction","id":"cjnjb46rq00810972nch5r0n8","amount":10,"balance":105,"createdAt":"2018-10-21T20:10:40.074Z","type":"DONATION","updatedAt":"2018-10-21T20:10:40.074Z"},{"_typeName":"Transaction","id":"cjnjb4bkc008d09728oqcu922","amount":10,"balance":95,"createdAt":"2018-10-21T20:10:46.287Z","type":"DONATION","updatedAt":"2018-10-21T20:10:46.287Z"},{"_typeName":"Transaction","id":"cjnks3om0000j0932g5usjxck","amount":4680,"balance":0,"createdAt":"2018-10-22T20:53:56.495Z","type":"DONATION","updatedAt":"2018-10-22T20:53:56.498Z"},{"_typeName":"Transaction","id":"cjnkw2v1w000x0932h5ulo7nv","amount":1540,"balance":0,"createdAt":"2018-10-22T22:45:16.353Z","type":"DONATION","updatedAt":"2018-10-22T22:45:16.353Z"}]}